2026-06-12 08:26:30.985917: I tensorflow/core/platform/cpu_feature_guard.cc:210] This TensorFlow binary is optimized to use available CPU instructions in performance-critical operations.
To enable the following instructions: AVX2 FMA, in other operations, rebuild TensorFlow with the appropriate compiler flags.
2026-06-12 08:26:30.985923: I tensorflow/core/platform/cpu_feature_guard.cc:210] This TensorFlow binary is optimized to use available CPU instructions in performance-critical operations.
To enable the following instructions: AVX2 FMA, in other operations, rebuild TensorFlow with the appropriate compiler flags.
2026-06-12 08:26:30.985941: I tensorflow/core/platform/cpu_feature_guard.cc:210] This TensorFlow binary is optimized to use available CPU instructions in performance-critical operations.
To enable the following instructions: AVX2 FMA, in other operations, rebuild TensorFlow with the appropriate compiler flags.
2026-06-12 08:26:30.985972: I tensorflow/core/platform/cpu_feature_guard.cc:210] This TensorFlow binary is optimized to use available CPU instructions in performance-critical operations.
To enable the following instructions: AVX2 FMA, in other operations, rebuild TensorFlow with the appropriate compiler flags.
2026-06-12 08:26:30.985947: I tensorflow/core/platform/cpu_feature_guard.cc:210] This TensorFlow binary is optimized to use available CPU instructions in performance-critical operations.
To enable the following instructions: AVX2 FMA, in other operations, rebuild TensorFlow with the appropriate compiler flags.
2026-06-12 08:26:30.985929: I tensorflow/core/platform/cpu_feature_guard.cc:210] This TensorFlow binary is optimized to use available CPU instructions in performance-critical operations.
To enable the following instructions: AVX2 FMA, in other operations, rebuild TensorFlow with the appropriate compiler flags.
2026-06-12 08:26:30.985973: I tensorflow/core/platform/cpu_feature_guard.cc:210] This TensorFlow binary is optimized to use available CPU instructions in performance-critical operations.
To enable the following instructions: AVX2 FMA, in other operations, rebuild TensorFlow with the appropriate compiler flags.
2026-06-12 08:26:30.985945: I tensorflow/core/platform/cpu_feature_guard.cc:210] This TensorFlow binary is optimized to use available CPU instructions in performance-critical operations.
To enable the following instructions: AVX2 FMA, in other operations, rebuild TensorFlow with the appropriate compiler flags.
2026-06-12 08:26:30.985925: I tensorflow/core/platform/cpu_feature_guard.cc:210] This TensorFlow binary is optimized to use available CPU instructions in performance-critical operations.
To enable the following instructions: AVX2 FMA, in other operations, rebuild TensorFlow with the appropriate compiler flags.
2026-06-12 08:26:30.985916: I tensorflow/core/platform/cpu_feature_guard.cc:210] This TensorFlow binary is optimized to use available CPU instructions in performance-critical operations.
To enable the following instructions: AVX2 FMA, in other operations, rebuild TensorFlow with the appropriate compiler flags.
2026-06-12 08:26:30.985977: I tensorflow/core/platform/cpu_feature_guard.cc:210] This TensorFlow binary is optimized to use available CPU instructions in performance-critical operations.
To enable the following instructions: AVX2 FMA, in other operations, rebuild TensorFlow with the appropriate compiler flags.
2026-06-12 08:26:30.985950: I tensorflow/core/platform/cpu_feature_guard.cc:210] This TensorFlow binary is optimized to use available CPU instructions in performance-critical operations.
To enable the following instructions: AVX2 FMA, in other operations, rebuild TensorFlow with the appropriate compiler flags.
2026-06-12 08:26:30.985959: I tensorflow/core/platform/cpu_feature_guard.cc:210] This TensorFlow binary is optimized to use available CPU instructions in performance-critical operations.
To enable the following instructions: AVX2 FMA, in other operations, rebuild TensorFlow with the appropriate compiler flags.
2026-06-12 08:26:30.985925: I tensorflow/core/platform/cpu_feature_guard.cc:210] This TensorFlow binary is optimized to use available CPU instructions in performance-critical operations.
To enable the following instructions: AVX2 FMA, in other operations, rebuild TensorFlow with the appropriate compiler flags.
2026-06-12 08:26:30.985931: I tensorflow/core/platform/cpu_feature_guard.cc:210] This TensorFlow binary is optimized to use available CPU instructions in performance-critical operations.
To enable the following instructions: AVX2 FMA, in other operations, rebuild TensorFlow with the appropriate compiler flags.
2026-06-12 08:26:30.985927: I tensorflow/core/platform/cpu_feature_guard.cc:210] This TensorFlow binary is optimized to use available CPU instructions in performance-critical operations.
To enable the following instructions: AVX2 FMA, in other operations, rebuild TensorFlow with the appropriate compiler flags.
2026-06-12 08:26:30.985962: I tensorflow/core/platform/cpu_feature_guard.cc:210] This TensorFlow binary is optimized to use available CPU instructions in performance-critical operations.
To enable the following instructions: AVX2 FMA, in other operations, rebuild TensorFlow with the appropriate compiler flags.
2026-06-12 08:26:30.985999: I tensorflow/core/platform/cpu_feature_guard.cc:210] This TensorFlow binary is optimized to use available CPU instructions in performance-critical operations.
To enable the following instructions: AVX2 FMA, in other operations, rebuild TensorFlow with the appropriate compiler flags.
2026-06-12 08:26:30.985964: I tensorflow/core/platform/cpu_feature_guard.cc:210] This TensorFlow binary is optimized to use available CPU instructions in performance-critical operations.
To enable the following instructions: AVX2 FMA, in other operations, rebuild TensorFlow with the appropriate compiler flags.
2026-06-12 08:26:30.985990: I tensorflow/core/platform/cpu_feature_guard.cc:210] This TensorFlow binary is optimized to use available CPU instructions in performance-critical operations.
To enable the following instructions: AVX2 FMA, in other operations, rebuild TensorFlow with the appropriate compiler flags.
2026-06-12 08:26:30.985988: I tensorflow/core/platform/cpu_feature_guard.cc:210] This TensorFlow binary is optimized to use available CPU instructions in performance-critical operations.
To enable the following instructions: AVX2 FMA, in other operations, rebuild TensorFlow with the appropriate compiler flags.
2026-06-12 08:26:30.985994: I tensorflow/core/platform/cpu_feature_guard.cc:210] This TensorFlow binary is optimized to use available CPU instructions in performance-critical operations.
To enable the following instructions: AVX2 FMA, in other operations, rebuild TensorFlow with the appropriate compiler flags.
2026-06-12 08:26:30.985973: I tensorflow/core/platform/cpu_feature_guard.cc:210] This TensorFlow binary is optimized to use available CPU instructions in performance-critical operations.
To enable the following instructions: AVX2 FMA, in other operations, rebuild TensorFlow with the appropriate compiler flags.
2026-06-12 08:26:30.986011: I tensorflow/core/platform/cpu_feature_guard.cc:210] This TensorFlow binary is optimized to use available CPU instructions in performance-critical operations.
To enable the following instructions: AVX2 FMA, in other operations, rebuild TensorFlow with the appropriate compiler flags.
2026-06-12 08:26:30.985968: I tensorflow/core/platform/cpu_feature_guard.cc:210] This TensorFlow binary is optimized to use available CPU instructions in performance-critical operations.
To enable the following instructions: AVX2 FMA, in other operations, rebuild TensorFlow with the appropriate compiler flags.
2026-06-12 08:26:30.986009: I tensorflow/core/platform/cpu_feature_guard.cc:210] This TensorFlow binary is optimized to use available CPU instructions in performance-critical operations.
To enable the following instructions: AVX2 FMA, in other operations, rebuild TensorFlow with the appropriate compiler flags.
2026-06-12 08:26:30.986010: I tensorflow/core/platform/cpu_feature_guard.cc:210] This TensorFlow binary is optimized to use available CPU instructions in performance-critical operations.
To enable the following instructions: AVX2 FMA, in other operations, rebuild TensorFlow with the appropriate compiler flags.
2026-06-12 08:26:30.985976: I tensorflow/core/platform/cpu_feature_guard.cc:210] This TensorFlow binary is optimized to use available CPU instructions in performance-critical operations.
To enable the following instructions: AVX2 FMA, in other operations, rebuild TensorFlow with the appropriate compiler flags.
2026-06-12 08:26:30.985984: I tensorflow/core/platform/cpu_feature_guard.cc:210] This TensorFlow binary is optimized to use available CPU instructions in performance-critical operations.
To enable the following instructions: AVX2 FMA, in other operations, rebuild TensorFlow with the appropriate compiler flags.
2026-06-12 08:26:30.986108: I tensorflow/core/platform/cpu_feature_guard.cc:210] This TensorFlow binary is optimized to use available CPU instructions in performance-critical operations.
To enable the following instructions: AVX2 FMA, in other operations, rebuild TensorFlow with the appropriate compiler flags.
2026-06-12 08:26:30.986032: I tensorflow/core/platform/cpu_feature_guard.cc:210] This TensorFlow binary is optimized to use available CPU instructions in performance-critical operations.
To enable the following instructions: AVX2 FMA, in other operations, rebuild TensorFlow with the appropriate compiler flags.
2026-06-12 08:26:30.985973: I tensorflow/core/platform/cpu_feature_guard.cc:210] This TensorFlow binary is optimized to use available CPU instructions in performance-critical operations.
To enable the following instructions: AVX2 FMA, in other operations, rebuild TensorFlow with the appropriate compiler flags.
2026-06-12 08:26:30.986003: I tensorflow/core/platform/cpu_feature_guard.cc:210] This TensorFlow binary is optimized to use available CPU instructions in performance-critical operations.
To enable the following instructions: AVX2 FMA, in other operations, rebuild TensorFlow with the appropriate compiler flags.
2026-06-12 08:26:30.986132: I tensorflow/core/platform/cpu_feature_guard.cc:210] This TensorFlow binary is optimized to use available CPU instructions in performance-critical operations.
To enable the following instructions: AVX2 FMA, in other operations, rebuild TensorFlow with the appropriate compiler flags.
2026-06-12 08:26:30.986120: I tensorflow/core/platform/cpu_feature_guard.cc:210] This TensorFlow binary is optimized to use available CPU instructions in performance-critical operations.
To enable the following instructions: AVX2 FMA, in other operations, rebuild TensorFlow with the appropriate compiler flags.
2026-06-12 08:26:30.986135: I tensorflow/core/platform/cpu_feature_guard.cc:210] This TensorFlow binary is optimized to use available CPU instructions in performance-critical operations.
To enable the following instructions: AVX2 FMA, in other operations, rebuild TensorFlow with the appropriate compiler flags.
2026-06-12 08:26:30.986055: I tensorflow/core/platform/cpu_feature_guard.cc:210] This TensorFlow binary is optimized to use available CPU instructions in performance-critical operations.
To enable the following instructions: AVX2 FMA, in other operations, rebuild TensorFlow with the appropriate compiler flags.
2026-06-12 08:26:30.985974: I tensorflow/core/platform/cpu_feature_guard.cc:210] This TensorFlow binary is optimized to use available CPU instructions in performance-critical operations.
To enable the following instructions: AVX2 FMA, in other operations, rebuild TensorFlow with the appropriate compiler flags.
2026-06-12 08:26:30.986022: I tensorflow/core/platform/cpu_feature_guard.cc:210] This TensorFlow binary is optimized to use available CPU instructions in performance-critical operations.
To enable the following instructions: AVX2 FMA, in other operations, rebuild TensorFlow with the appropriate compiler flags.
2026-06-12 08:26:30.986062: I tensorflow/core/platform/cpu_feature_guard.cc:210] This TensorFlow binary is optimized to use available CPU instructions in performance-critical operations.
To enable the following instructions: AVX2 FMA, in other operations, rebuild TensorFlow with the appropriate compiler flags.
2026-06-12 08:26:30.986099: I tensorflow/core/platform/cpu_feature_guard.cc:210] This TensorFlow binary is optimized to use available CPU instructions in performance-critical operations.
To enable the following instructions: AVX2 FMA, in other operations, rebuild TensorFlow with the appropriate compiler flags.
2026-06-12 08:26:30.986095: I tensorflow/core/platform/cpu_feature_guard.cc:210] This TensorFlow binary is optimized to use available CPU instructions in performance-critical operations.
To enable the following instructions: AVX2 FMA, in other operations, rebuild TensorFlow with the appropriate compiler flags.
2026-06-12 08:26:30.986132: I tensorflow/core/platform/cpu_feature_guard.cc:210] This TensorFlow binary is optimized to use available CPU instructions in performance-critical operations.
To enable the following instructions: AVX2 FMA, in other operations, rebuild TensorFlow with the appropriate compiler flags.
2026-06-12 08:26:30.986153: I tensorflow/core/platform/cpu_feature_guard.cc:210] This TensorFlow binary is optimized to use available CPU instructions in performance-critical operations.
To enable the following instructions: AVX2 FMA, in other operations, rebuild TensorFlow with the appropriate compiler flags.
2026-06-12 08:26:30.985989: I tensorflow/core/platform/cpu_feature_guard.cc:210] This TensorFlow binary is optimized to use available CPU instructions in performance-critical operations.
To enable the following instructions: AVX2 FMA, in other operations, rebuild TensorFlow with the appropriate compiler flags.
2026-06-12 08:26:30.986050: I tensorflow/core/platform/cpu_feature_guard.cc:210] This TensorFlow binary is optimized to use available CPU instructions in performance-critical operations.
To enable the following instructions: AVX2 FMA, in other operations, rebuild TensorFlow with the appropriate compiler flags.
2026-06-12 08:26:30.986067: I tensorflow/core/platform/cpu_feature_guard.cc:210] This TensorFlow binary is optimized to use available CPU instructions in performance-critical operations.
To enable the following instructions: AVX2 FMA, in other operations, rebuild TensorFlow with the appropriate compiler flags.
2026-06-12 08:26:30.986311: I tensorflow/core/platform/cpu_feature_guard.cc:210] This TensorFlow binary is optimized to use available CPU instructions in performance-critical operations.
To enable the following instructions: AVX2 FMA, in other operations, rebuild TensorFlow with the appropriate compiler flags.
2026-06-12 08:26:30.986153: I tensorflow/core/platform/cpu_feature_guard.cc:210] This TensorFlow binary is optimized to use available CPU instructions in performance-critical operations.
To enable the following instructions: AVX2 FMA, in other operations, rebuild TensorFlow with the appropriate compiler flags.
2026-06-12 08:26:30.986252: I tensorflow/core/platform/cpu_feature_guard.cc:210] This TensorFlow binary is optimized to use available CPU instructions in performance-critical operations.
To enable the following instructions: AVX2 FMA, in other operations, rebuild TensorFlow with the appropriate compiler flags.
2026-06-12 08:26:30.986134: I tensorflow/core/platform/cpu_feature_guard.cc:210] This TensorFlow binary is optimized to use available CPU instructions in performance-critical operations.
To enable the following instructions: AVX2 FMA, in other operations, rebuild TensorFlow with the appropriate compiler flags.
2026-06-12 08:26:30.986124: I tensorflow/core/platform/cpu_feature_guard.cc:210] This TensorFlow binary is optimized to use available CPU instructions in performance-critical operations.
To enable the following instructions: AVX2 FMA, in other operations, rebuild TensorFlow with the appropriate compiler flags.
2026-06-12 08:26:30.986032: I tensorflow/core/platform/cpu_feature_guard.cc:210] This TensorFlow binary is optimized to use available CPU instructions in performance-critical operations.
To enable the following instructions: AVX2 FMA, in other operations, rebuild TensorFlow with the appropriate compiler flags.
2026-06-12 08:26:30.986069: I tensorflow/core/platform/cpu_feature_guard.cc:210] This TensorFlow binary is optimized to use available CPU instructions in performance-critical operations.
To enable the following instructions: AVX2 FMA, in other operations, rebuild TensorFlow with the appropriate compiler flags.
2026-06-12 08:26:30.986003: I tensorflow/core/platform/cpu_feature_guard.cc:210] This TensorFlow binary is optimized to use available CPU instructions in performance-critical operations.
To enable the following instructions: AVX2 FMA, in other operations, rebuild TensorFlow with the appropriate compiler flags.
2026-06-12 08:26:30.986139: I tensorflow/core/platform/cpu_feature_guard.cc:210] This TensorFlow binary is optimized to use available CPU instructions in performance-critical operations.
To enable the following instructions: AVX2 FMA, in other operations, rebuild TensorFlow with the appropriate compiler flags.
2026-06-12 08:26:30.986077: I tensorflow/core/platform/cpu_feature_guard.cc:210] This TensorFlow binary is optimized to use available CPU instructions in performance-critical operations.
To enable the following instructions: AVX2 FMA, in other operations, rebuild TensorFlow with the appropriate compiler flags.
2026-06-12 08:26:30.986093: I tensorflow/core/platform/cpu_feature_guard.cc:210] This TensorFlow binary is optimized to use available CPU instructions in performance-critical operations.
To enable the following instructions: AVX2 FMA, in other operations, rebuild TensorFlow with the appropriate compiler flags.
2026-06-12 08:26:30.986086: I tensorflow/core/platform/cpu_feature_guard.cc:210] This TensorFlow binary is optimized to use available CPU instructions in performance-critical operations.
To enable the following instructions: AVX2 FMA, in other operations, rebuild TensorFlow with the appropriate compiler flags.
2026-06-12 08:26:30.986108: I tensorflow/core/platform/cpu_feature_guard.cc:210] This TensorFlow binary is optimized to use available CPU instructions in performance-critical operations.
To enable the following instructions: AVX2 FMA, in other operations, rebuild TensorFlow with the appropriate compiler flags.
2026-06-12 08:26:30.986058: I tensorflow/core/platform/cpu_feature_guard.cc:210] This TensorFlow binary is optimized to use available CPU instructions in performance-critical operations.
To enable the following instructions: AVX2 FMA, in other operations, rebuild TensorFlow with the appropriate compiler flags.
2026-06-12 08:26:30.986025: I tensorflow/core/platform/cpu_feature_guard.cc:210] This TensorFlow binary is optimized to use available CPU instructions in performance-critical operations.
To enable the following instructions: AVX2 FMA, in other operations, rebuild TensorFlow with the appropriate compiler flags.
2026-06-12 08:26:30.986110: I tensorflow/core/platform/cpu_feature_guard.cc:210] This TensorFlow binary is optimized to use available CPU instructions in performance-critical operations.
To enable the following instructions: AVX2 FMA, in other operations, rebuild TensorFlow with the appropriate compiler flags.
2026-06-12 08:26:30.986121: I tensorflow/core/platform/cpu_feature_guard.cc:210] This TensorFlow binary is optimized to use available CPU instructions in performance-critical operations.
To enable the following instructions: AVX2 FMA, in other operations, rebuild TensorFlow with the appropriate compiler flags.
2026-06-12 08:26:30.986025: I tensorflow/core/platform/cpu_feature_guard.cc:210] This TensorFlow binary is optimized to use available CPU instructions in performance-critical operations.
To enable the following instructions: AVX2 FMA, in other operations, rebuild TensorFlow with the appropriate compiler flags.
2026-06-12 08:26:30.986092: I tensorflow/core/platform/cpu_feature_guard.cc:210] This TensorFlow binary is optimized to use available CPU instructions in performance-critical operations.
To enable the following instructions: AVX2 FMA, in other operations, rebuild TensorFlow with the appropriate compiler flags.
2026-06-12 08:26:30.986120: I tensorflow/core/platform/cpu_feature_guard.cc:210] This TensorFlow binary is optimized to use available CPU instructions in performance-critical operations.
To enable the following instructions: AVX2 FMA, in other operations, rebuild TensorFlow with the appropriate compiler flags.
2026-06-12 08:26:30.986085: I tensorflow/core/platform/cpu_feature_guard.cc:210] This TensorFlow binary is optimized to use available CPU instructions in performance-critical operations.
To enable the following instructions: AVX2 FMA, in other operations, rebuild TensorFlow with the appropriate compiler flags.
2026-06-12 08:26:30.986138: I tensorflow/core/platform/cpu_feature_guard.cc:210] This TensorFlow binary is optimized to use available CPU instructions in performance-critical operations.
To enable the following instructions: AVX2 FMA, in other operations, rebuild TensorFlow with the appropriate compiler flags.
2026-06-12 08:26:30.986104: I tensorflow/core/platform/cpu_feature_guard.cc:210] This TensorFlow binary is optimized to use available CPU instructions in performance-critical operations.
To enable the following instructions: AVX2 FMA, in other operations, rebuild TensorFlow with the appropriate compiler flags.
2026-06-12 08:26:30.986140: I tensorflow/core/platform/cpu_feature_guard.cc:210] This TensorFlow binary is optimized to use available CPU instructions in performance-critical operations.
To enable the following instructions: AVX2 FMA, in other operations, rebuild TensorFlow with the appropriate compiler flags.
2026-06-12 08:26:30.986188: I tensorflow/core/platform/cpu_feature_guard.cc:210] This TensorFlow binary is optimized to use available CPU instructions in performance-critical operations.
To enable the following instructions: AVX2 FMA, in other operations, rebuild TensorFlow with the appropriate compiler flags.
2026-06-12 08:26:30.986120: I tensorflow/core/platform/cpu_feature_guard.cc:210] This TensorFlow binary is optimized to use available CPU instructions in performance-critical operations.
To enable the following instructions: AVX2 FMA, in other operations, rebuild TensorFlow with the appropriate compiler flags.
2026-06-12 08:26:30.986035: I tensorflow/core/platform/cpu_feature_guard.cc:210] This TensorFlow binary is optimized to use available CPU instructions in performance-critical operations.
To enable the following instructions: AVX2 FMA, in other operations, rebuild TensorFlow with the appropriate compiler flags.
2026-06-12 08:26:30.986134: I tensorflow/core/platform/cpu_feature_guard.cc:210] This TensorFlow binary is optimized to use available CPU instructions in performance-critical operations.
To enable the following instructions: AVX2 FMA, in other operations, rebuild TensorFlow with the appropriate compiler flags.
2026-06-12 08:26:30.986181: I tensorflow/core/platform/cpu_feature_guard.cc:210] This TensorFlow binary is optimized to use available CPU instructions in performance-critical operations.
To enable the following instructions: AVX2 FMA, in other operations, rebuild TensorFlow with the appropriate compiler flags.
2026-06-12 08:26:30.986077: I tensorflow/core/platform/cpu_feature_guard.cc:210] This TensorFlow binary is optimized to use available CPU instructions in performance-critical operations.
To enable the following instructions: AVX2 FMA, in other operations, rebuild TensorFlow with the appropriate compiler flags.
2026-06-12 08:26:30.986083: I tensorflow/core/platform/cpu_feature_guard.cc:210] This TensorFlow binary is optimized to use available CPU instructions in performance-critical operations.
To enable the following instructions: AVX2 FMA, in other operations, rebuild TensorFlow with the appropriate compiler flags.
2026-06-12 08:26:30.986104: I tensorflow/core/platform/cpu_feature_guard.cc:210] This TensorFlow binary is optimized to use available CPU instructions in performance-critical operations.
To enable the following instructions: AVX2 FMA, in other operations, rebuild TensorFlow with the appropriate compiler flags.
2026-06-12 08:26:30.986092: I tensorflow/core/platform/cpu_feature_guard.cc:210] This TensorFlow binary is optimized to use available CPU instructions in performance-critical operations.
To enable the following instructions: AVX2 FMA, in other operations, rebuild TensorFlow with the appropriate compiler flags.
2026-06-12 08:26:30.986029: I tensorflow/core/platform/cpu_feature_guard.cc:210] This TensorFlow binary is optimized to use available CPU instructions in performance-critical operations.
To enable the following instructions: AVX2 FMA, in other operations, rebuild TensorFlow with the appropriate compiler flags.
2026-06-12 08:26:30.986168: I tensorflow/core/platform/cpu_feature_guard.cc:210] This TensorFlow binary is optimized to use available CPU instructions in performance-critical operations.
To enable the following instructions: AVX2 FMA, in other operations, rebuild TensorFlow with the appropriate compiler flags.
2026-06-12 08:26:30.986052: I tensorflow/core/platform/cpu_feature_guard.cc:210] This TensorFlow binary is optimized to use available CPU instructions in performance-critical operations.
To enable the following instructions: AVX2 FMA, in other operations, rebuild TensorFlow with the appropriate compiler flags.
2026-06-12 08:26:30.986147: I tensorflow/core/platform/cpu_feature_guard.cc:210] This TensorFlow binary is optimized to use available CPU instructions in performance-critical operations.
To enable the following instructions: AVX2 FMA, in other operations, rebuild TensorFlow with the appropriate compiler flags.
2026-06-12 08:26:30.986113: I tensorflow/core/platform/cpu_feature_guard.cc:210] This TensorFlow binary is optimized to use available CPU instructions in performance-critical operations.
To enable the following instructions: AVX2 FMA, in other operations, rebuild TensorFlow with the appropriate compiler flags.
2026-06-12 08:26:30.986068: I tensorflow/core/platform/cpu_feature_guard.cc:210] This TensorFlow binary is optimized to use available CPU instructions in performance-critical operations.
To enable the following instructions: AVX2 FMA, in other operations, rebuild TensorFlow with the appropriate compiler flags.
2026-06-12 08:26:30.986037: I tensorflow/core/platform/cpu_feature_guard.cc:210] This TensorFlow binary is optimized to use available CPU instructions in performance-critical operations.
To enable the following instructions: AVX2 FMA, in other operations, rebuild TensorFlow with the appropriate compiler flags.
2026-06-12 08:26:30.986189: I tensorflow/core/platform/cpu_feature_guard.cc:210] This TensorFlow binary is optimized to use available CPU instructions in performance-critical operations.
To enable the following instructions: AVX2 FMA, in other operations, rebuild TensorFlow with the appropriate compiler flags.
2026-06-12 08:26:30.986127: I tensorflow/core/platform/cpu_feature_guard.cc:210] This TensorFlow binary is optimized to use available CPU instructions in performance-critical operations.
To enable the following instructions: AVX2 FMA, in other operations, rebuild TensorFlow with the appropriate compiler flags.
2026-06-12 08:26:30.986050: I tensorflow/core/platform/cpu_feature_guard.cc:210] This TensorFlow binary is optimized to use available CPU instructions in performance-critical operations.
To enable the following instructions: AVX2 FMA, in other operations, rebuild TensorFlow with the appropriate compiler flags.
2026-06-12 08:26:30.986102: I tensorflow/core/platform/cpu_feature_guard.cc:210] This TensorFlow binary is optimized to use available CPU instructions in performance-critical operations.
To enable the following instructions: AVX2 FMA, in other operations, rebuild TensorFlow with the appropriate compiler flags.
2026-06-12 08:26:30.986043: I tensorflow/core/platform/cpu_feature_guard.cc:210] This TensorFlow binary is optimized to use available CPU instructions in performance-critical operations.
To enable the following instructions: AVX2 FMA, in other operations, rebuild TensorFlow with the appropriate compiler flags.
2026-06-12 08:26:30.986119: I tensorflow/core/platform/cpu_feature_guard.cc:210] This TensorFlow binary is optimized to use available CPU instructions in performance-critical operations.
To enable the following instructions: AVX2 FMA, in other operations, rebuild TensorFlow with the appropriate compiler flags.
2026-06-12 08:26:30.986186: I tensorflow/core/platform/cpu_feature_guard.cc:210] This TensorFlow binary is optimized to use available CPU instructions in performance-critical operations.
To enable the following instructions: AVX2 FMA, in other operations, rebuild TensorFlow with the appropriate compiler flags.
2026-06-12 08:26:30.986052: I tensorflow/core/platform/cpu_feature_guard.cc:210] This TensorFlow binary is optimized to use available CPU instructions in performance-critical operations.
To enable the following instructions: AVX2 FMA, in other operations, rebuild TensorFlow with the appropriate compiler flags.
2026-06-12 08:26:30.986053: I tensorflow/core/platform/cpu_feature_guard.cc:210] This TensorFlow binary is optimized to use available CPU instructions in performance-critical operations.
To enable the following instructions: AVX2 FMA, in other operations, rebuild TensorFlow with the appropriate compiler flags.
2026-06-12 08:26:30.986103: I tensorflow/core/platform/cpu_feature_guard.cc:210] This TensorFlow binary is optimized to use available CPU instructions in performance-critical operations.
To enable the following instructions: AVX2 FMA, in other operations, rebuild TensorFlow with the appropriate compiler flags.
2026-06-12 08:26:30.986185: I tensorflow/core/platform/cpu_feature_guard.cc:210] This TensorFlow binary is optimized to use available CPU instructions in performance-critical operations.
To enable the following instructions: AVX2 FMA, in other operations, rebuild TensorFlow with the appropriate compiler flags.
2026-06-12 08:26:30.986049: I tensorflow/core/platform/cpu_feature_guard.cc:210] This TensorFlow binary is optimized to use available CPU instructions in performance-critical operations.
To enable the following instructions: AVX2 FMA, in other operations, rebuild TensorFlow with the appropriate compiler flags.
2026-06-12 08:26:30.986086: I tensorflow/core/platform/cpu_feature_guard.cc:210] This TensorFlow binary is optimized to use available CPU instructions in performance-critical operations.
To enable the following instructions: AVX2 FMA, in other operations, rebuild TensorFlow with the appropriate compiler flags.
/global/cfs/cdirs/lz/users/rory_m/.conda/envs/flamedisx_revamped/lib/python3.11/site-packages/wimprates/__init__.py:6: UserWarning: Default WIMP parameters are changed in accordance with https://arxiv.org/abs/2105.00599 (github.com/JelleAalbers/wimprates/pull/14)
  warnings.warn(
/global/cfs/cdirs/lz/users/rory_m/.conda/envs/flamedisx_revamped/lib/python3.11/site-packages/wimprates/__init__.py:6: UserWarning: Default WIMP parameters are changed in accordance with https://arxiv.org/abs/2105.00599 (github.com/JelleAalbers/wimprates/pull/14)
  warnings.warn(
/global/cfs/cdirs/lz/users/rory_m/.conda/envs/flamedisx_revamped/lib/python3.11/site-packages/wimprates/__init__.py:6: UserWarning: Default WIMP parameters are changed in accordance with https://arxiv.org/abs/2105.00599 (github.com/JelleAalbers/wimprates/pull/14)
  warnings.warn(
/global/cfs/cdirs/lz/users/rory_m/.conda/envs/flamedisx_revamped/lib/python3.11/site-packages/wimprates/__init__.py:6: UserWarning: Default WIMP parameters are changed in accordance with https://arxiv.org/abs/2105.00599 (github.com/JelleAalbers/wimprates/pull/14)
  warnings.warn(
/global/cfs/cdirs/lz/users/rory_m/.conda/envs/flamedisx_revamped/lib/python3.11/site-packages/wimprates/__init__.py:6: UserWarning: Default WIMP parameters are changed in accordance with https://arxiv.org/abs/2105.00599 (github.com/JelleAalbers/wimprates/pull/14)
  warnings.warn(
/global/cfs/cdirs/lz/users/rory_m/.conda/envs/flamedisx_revamped/lib/python3.11/site-packages/wimprates/__init__.py:6: UserWarning: Default WIMP parameters are changed in accordance with https://arxiv.org/abs/2105.00599 (github.com/JelleAalbers/wimprates/pull/14)
  warnings.warn(
/global/cfs/cdirs/lz/users/rory_m/.conda/envs/flamedisx_revamped/lib/python3.11/site-packages/wimprates/__init__.py:6: UserWarning: Default WIMP parameters are changed in accordance with https://arxiv.org/abs/2105.00599 (github.com/JelleAalbers/wimprates/pull/14)
  warnings.warn(
/global/cfs/cdirs/lz/users/rory_m/.conda/envs/flamedisx_revamped/lib/python3.11/site-packages/wimprates/__init__.py:6: UserWarning: Default WIMP parameters are changed in accordance with https://arxiv.org/abs/2105.00599 (github.com/JelleAalbers/wimprates/pull/14)
  warnings.warn(
/global/cfs/cdirs/lz/users/rory_m/.conda/envs/flamedisx_revamped/lib/python3.11/site-packages/wimprates/__init__.py:6: UserWarning: Default WIMP parameters are changed in accordance with https://arxiv.org/abs/2105.00599 (github.com/JelleAalbers/wimprates/pull/14)
  warnings.warn(
/global/cfs/cdirs/lz/users/rory_m/.conda/envs/flamedisx_revamped/lib/python3.11/site-packages/wimprates/__init__.py:6: UserWarning: Default WIMP parameters are changed in accordance with https://arxiv.org/abs/2105.00599 (github.com/JelleAalbers/wimprates/pull/14)
  warnings.warn(
/global/cfs/cdirs/lz/users/rory_m/.conda/envs/flamedisx_revamped/lib/python3.11/site-packages/wimprates/__init__.py:6: UserWarning: Default WIMP parameters are changed in accordance with https://arxiv.org/abs/2105.00599 (github.com/JelleAalbers/wimprates/pull/14)
  warnings.warn(
/global/cfs/cdirs/lz/users/rory_m/.conda/envs/flamedisx_revamped/lib/python3.11/site-packages/wimprates/__init__.py:6: UserWarning: Default WIMP parameters are changed in accordance with https://arxiv.org/abs/2105.00599 (github.com/JelleAalbers/wimprates/pull/14)
  warnings.warn(
/global/cfs/cdirs/lz/users/rory_m/.conda/envs/flamedisx_revamped/lib/python3.11/site-packages/wimprates/__init__.py:6: UserWarning: Default WIMP parameters are changed in accordance with https://arxiv.org/abs/2105.00599 (github.com/JelleAalbers/wimprates/pull/14)
  warnings.warn(
/global/cfs/cdirs/lz/users/rory_m/.conda/envs/flamedisx_revamped/lib/python3.11/site-packages/wimprates/__init__.py:6: UserWarning: Default WIMP parameters are changed in accordance with https://arxiv.org/abs/2105.00599 (github.com/JelleAalbers/wimprates/pull/14)
  warnings.warn(
/global/cfs/cdirs/lz/users/rory_m/.conda/envs/flamedisx_revamped/lib/python3.11/site-packages/wimprates/__init__.py:6: UserWarning: Default WIMP parameters are changed in accordance with https://arxiv.org/abs/2105.00599 (github.com/JelleAalbers/wimprates/pull/14)
  warnings.warn(
/global/cfs/cdirs/lz/users/rory_m/.conda/envs/flamedisx_revamped/lib/python3.11/site-packages/wimprates/__init__.py:6: UserWarning: Default WIMP parameters are changed in accordance with https://arxiv.org/abs/2105.00599 (github.com/JelleAalbers/wimprates/pull/14)
  warnings.warn(
/global/cfs/cdirs/lz/users/rory_m/.conda/envs/flamedisx_revamped/lib/python3.11/site-packages/wimprates/__init__.py:6: UserWarning: Default WIMP parameters are changed in accordance with https://arxiv.org/abs/2105.00599 (github.com/JelleAalbers/wimprates/pull/14)
  warnings.warn(
/global/cfs/cdirs/lz/users/rory_m/.conda/envs/flamedisx_revamped/lib/python3.11/site-packages/wimprates/__init__.py:6: UserWarning: Default WIMP parameters are changed in accordance with https://arxiv.org/abs/2105.00599 (github.com/JelleAalbers/wimprates/pull/14)
  warnings.warn(
/global/cfs/cdirs/lz/users/rory_m/.conda/envs/flamedisx_revamped/lib/python3.11/site-packages/wimprates/__init__.py:6: UserWarning: Default WIMP parameters are changed in accordance with https://arxiv.org/abs/2105.00599 (github.com/JelleAalbers/wimprates/pull/14)
  warnings.warn(
/global/cfs/cdirs/lz/users/rory_m/.conda/envs/flamedisx_revamped/lib/python3.11/site-packages/wimprates/__init__.py:6: UserWarning: Default WIMP parameters are changed in accordance with https://arxiv.org/abs/2105.00599 (github.com/JelleAalbers/wimprates/pull/14)
  warnings.warn(
/global/cfs/cdirs/lz/users/rory_m/.conda/envs/flamedisx_revamped/lib/python3.11/site-packages/wimprates/__init__.py:6: UserWarning: Default WIMP parameters are changed in accordance with https://arxiv.org/abs/2105.00599 (github.com/JelleAalbers/wimprates/pull/14)
  warnings.warn(
/global/cfs/cdirs/lz/users/rory_m/.conda/envs/flamedisx_revamped/lib/python3.11/site-packages/wimprates/__init__.py:6: UserWarning: Default WIMP parameters are changed in accordance with https://arxiv.org/abs/2105.00599 (github.com/JelleAalbers/wimprates/pull/14)
  warnings.warn(
/global/cfs/cdirs/lz/users/rory_m/.conda/envs/flamedisx_revamped/lib/python3.11/site-packages/wimprates/__init__.py:6: UserWarning: Default WIMP parameters are changed in accordance with https://arxiv.org/abs/2105.00599 (github.com/JelleAalbers/wimprates/pull/14)
  warnings.warn(
/global/cfs/cdirs/lz/users/rory_m/.conda/envs/flamedisx_revamped/lib/python3.11/site-packages/wimprates/__init__.py:6: UserWarning: Default WIMP parameters are changed in accordance with https://arxiv.org/abs/2105.00599 (github.com/JelleAalbers/wimprates/pull/14)
  warnings.warn(
/global/cfs/cdirs/lz/users/rory_m/.conda/envs/flamedisx_revamped/lib/python3.11/site-packages/wimprates/__init__.py:6: UserWarning: Default WIMP parameters are changed in accordance with https://arxiv.org/abs/2105.00599 (github.com/JelleAalbers/wimprates/pull/14)
  warnings.warn(
/global/cfs/cdirs/lz/users/rory_m/.conda/envs/flamedisx_revamped/lib/python3.11/site-packages/wimprates/__init__.py:6: UserWarning: Default WIMP parameters are changed in accordance with https://arxiv.org/abs/2105.00599 (github.com/JelleAalbers/wimprates/pull/14)
  warnings.warn(
/global/cfs/cdirs/lz/users/rory_m/.conda/envs/flamedisx_revamped/lib/python3.11/site-packages/wimprates/__init__.py:6: UserWarning: Default WIMP parameters are changed in accordance with https://arxiv.org/abs/2105.00599 (github.com/JelleAalbers/wimprates/pull/14)
  warnings.warn(
/global/cfs/cdirs/lz/users/rory_m/.conda/envs/flamedisx_revamped/lib/python3.11/site-packages/wimprates/__init__.py:6: UserWarning: Default WIMP parameters are changed in accordance with https://arxiv.org/abs/2105.00599 (github.com/JelleAalbers/wimprates/pull/14)
  warnings.warn(
/global/cfs/cdirs/lz/users/rory_m/.conda/envs/flamedisx_revamped/lib/python3.11/site-packages/wimprates/__init__.py:6: UserWarning: Default WIMP parameters are changed in accordance with https://arxiv.org/abs/2105.00599 (github.com/JelleAalbers/wimprates/pull/14)
  warnings.warn(
/global/cfs/cdirs/lz/users/rory_m/.conda/envs/flamedisx_revamped/lib/python3.11/site-packages/wimprates/__init__.py:6: UserWarning: Default WIMP parameters are changed in accordance with https://arxiv.org/abs/2105.00599 (github.com/JelleAalbers/wimprates/pull/14)
  warnings.warn(
/global/cfs/cdirs/lz/users/rory_m/.conda/envs/flamedisx_revamped/lib/python3.11/site-packages/wimprates/__init__.py:6: UserWarning: Default WIMP parameters are changed in accordance with https://arxiv.org/abs/2105.00599 (github.com/JelleAalbers/wimprates/pull/14)
  warnings.warn(
/global/cfs/cdirs/lz/users/rory_m/.conda/envs/flamedisx_revamped/lib/python3.11/site-packages/wimprates/__init__.py:6: UserWarning: Default WIMP parameters are changed in accordance with https://arxiv.org/abs/2105.00599 (github.com/JelleAalbers/wimprates/pull/14)
  warnings.warn(
/global/cfs/cdirs/lz/users/rory_m/.conda/envs/flamedisx_revamped/lib/python3.11/site-packages/wimprates/__init__.py:6: UserWarning: Default WIMP parameters are changed in accordance with https://arxiv.org/abs/2105.00599 (github.com/JelleAalbers/wimprates/pull/14)
  warnings.warn(
/global/cfs/cdirs/lz/users/rory_m/.conda/envs/flamedisx_revamped/lib/python3.11/site-packages/wimprates/__init__.py:6: UserWarning: Default WIMP parameters are changed in accordance with https://arxiv.org/abs/2105.00599 (github.com/JelleAalbers/wimprates/pull/14)
  warnings.warn(
/global/cfs/cdirs/lz/users/rory_m/.conda/envs/flamedisx_revamped/lib/python3.11/site-packages/wimprates/__init__.py:6: UserWarning: Default WIMP parameters are changed in accordance with https://arxiv.org/abs/2105.00599 (github.com/JelleAalbers/wimprates/pull/14)
  warnings.warn(
/global/cfs/cdirs/lz/users/rory_m/.conda/envs/flamedisx_revamped/lib/python3.11/site-packages/wimprates/__init__.py:6: UserWarning: Default WIMP parameters are changed in accordance with https://arxiv.org/abs/2105.00599 (github.com/JelleAalbers/wimprates/pull/14)
  warnings.warn(
/global/cfs/cdirs/lz/users/rory_m/.conda/envs/flamedisx_revamped/lib/python3.11/site-packages/wimprates/__init__.py:6: UserWarning: Default WIMP parameters are changed in accordance with https://arxiv.org/abs/2105.00599 (github.com/JelleAalbers/wimprates/pull/14)
  warnings.warn(
/global/cfs/cdirs/lz/users/rory_m/.conda/envs/flamedisx_revamped/lib/python3.11/site-packages/wimprates/__init__.py:6: UserWarning: Default WIMP parameters are changed in accordance with https://arxiv.org/abs/2105.00599 (github.com/JelleAalbers/wimprates/pull/14)
  warnings.warn(
/global/cfs/cdirs/lz/users/rory_m/.conda/envs/flamedisx_revamped/lib/python3.11/site-packages/wimprates/__init__.py:6: UserWarning: Default WIMP parameters are changed in accordance with https://arxiv.org/abs/2105.00599 (github.com/JelleAalbers/wimprates/pull/14)
  warnings.warn(
/global/cfs/cdirs/lz/users/rory_m/.conda/envs/flamedisx_revamped/lib/python3.11/site-packages/wimprates/__init__.py:6: UserWarning: Default WIMP parameters are changed in accordance with https://arxiv.org/abs/2105.00599 (github.com/JelleAalbers/wimprates/pull/14)
  warnings.warn(
/global/cfs/cdirs/lz/users/rory_m/.conda/envs/flamedisx_revamped/lib/python3.11/site-packages/wimprates/__init__.py:6: UserWarning: Default WIMP parameters are changed in accordance with https://arxiv.org/abs/2105.00599 (github.com/JelleAalbers/wimprates/pull/14)
  warnings.warn(
/global/cfs/cdirs/lz/users/rory_m/.conda/envs/flamedisx_revamped/lib/python3.11/site-packages/wimprates/__init__.py:6: UserWarning: Default WIMP parameters are changed in accordance with https://arxiv.org/abs/2105.00599 (github.com/JelleAalbers/wimprates/pull/14)
  warnings.warn(
/global/cfs/cdirs/lz/users/rory_m/.conda/envs/flamedisx_revamped/lib/python3.11/site-packages/wimprates/__init__.py:6: UserWarning: Default WIMP parameters are changed in accordance with https://arxiv.org/abs/2105.00599 (github.com/JelleAalbers/wimprates/pull/14)
  warnings.warn(
/global/cfs/cdirs/lz/users/rory_m/.conda/envs/flamedisx_revamped/lib/python3.11/site-packages/wimprates/__init__.py:6: UserWarning: Default WIMP parameters are changed in accordance with https://arxiv.org/abs/2105.00599 (github.com/JelleAalbers/wimprates/pull/14)
  warnings.warn(
/global/cfs/cdirs/lz/users/rory_m/.conda/envs/flamedisx_revamped/lib/python3.11/site-packages/wimprates/__init__.py:6: UserWarning: Default WIMP parameters are changed in accordance with https://arxiv.org/abs/2105.00599 (github.com/JelleAalbers/wimprates/pull/14)
  warnings.warn(
/global/cfs/cdirs/lz/users/rory_m/.conda/envs/flamedisx_revamped/lib/python3.11/site-packages/wimprates/__init__.py:6: UserWarning: Default WIMP parameters are changed in accordance with https://arxiv.org/abs/2105.00599 (github.com/JelleAalbers/wimprates/pull/14)
  warnings.warn(
/global/cfs/cdirs/lz/users/rory_m/.conda/envs/flamedisx_revamped/lib/python3.11/site-packages/wimprates/__init__.py:6: UserWarning: Default WIMP parameters are changed in accordance with https://arxiv.org/abs/2105.00599 (github.com/JelleAalbers/wimprates/pull/14)
  warnings.warn(
/global/cfs/cdirs/lz/users/rory_m/.conda/envs/flamedisx_revamped/lib/python3.11/site-packages/wimprates/__init__.py:6: UserWarning: Default WIMP parameters are changed in accordance with https://arxiv.org/abs/2105.00599 (github.com/JelleAalbers/wimprates/pull/14)
  warnings.warn(
/global/cfs/cdirs/lz/users/rory_m/.conda/envs/flamedisx_revamped/lib/python3.11/site-packages/wimprates/__init__.py:6: UserWarning: Default WIMP parameters are changed in accordance with https://arxiv.org/abs/2105.00599 (github.com/JelleAalbers/wimprates/pull/14)
  warnings.warn(
/global/cfs/cdirs/lz/users/rory_m/.conda/envs/flamedisx_revamped/lib/python3.11/site-packages/wimprates/__init__.py:6: UserWarning: Default WIMP parameters are changed in accordance with https://arxiv.org/abs/2105.00599 (github.com/JelleAalbers/wimprates/pull/14)
  warnings.warn(
/global/cfs/cdirs/lz/users/rory_m/.conda/envs/flamedisx_revamped/lib/python3.11/site-packages/wimprates/__init__.py:6: UserWarning: Default WIMP parameters are changed in accordance with https://arxiv.org/abs/2105.00599 (github.com/JelleAalbers/wimprates/pull/14)
  warnings.warn(
/global/cfs/cdirs/lz/users/rory_m/.conda/envs/flamedisx_revamped/lib/python3.11/site-packages/wimprates/__init__.py:6: UserWarning: Default WIMP parameters are changed in accordance with https://arxiv.org/abs/2105.00599 (github.com/JelleAalbers/wimprates/pull/14)
  warnings.warn(
/global/cfs/cdirs/lz/users/rory_m/.conda/envs/flamedisx_revamped/lib/python3.11/site-packages/wimprates/__init__.py:6: UserWarning: Default WIMP parameters are changed in accordance with https://arxiv.org/abs/2105.00599 (github.com/JelleAalbers/wimprates/pull/14)
  warnings.warn(
/global/cfs/cdirs/lz/users/rory_m/.conda/envs/flamedisx_revamped/lib/python3.11/site-packages/wimprates/__init__.py:6: UserWarning: Default WIMP parameters are changed in accordance with https://arxiv.org/abs/2105.00599 (github.com/JelleAalbers/wimprates/pull/14)
  warnings.warn(
/global/cfs/cdirs/lz/users/rory_m/.conda/envs/flamedisx_revamped/lib/python3.11/site-packages/wimprates/__init__.py:6: UserWarning: Default WIMP parameters are changed in accordance with https://arxiv.org/abs/2105.00599 (github.com/JelleAalbers/wimprates/pull/14)
  warnings.warn(
/global/cfs/cdirs/lz/users/rory_m/.conda/envs/flamedisx_revamped/lib/python3.11/site-packages/wimprates/__init__.py:6: UserWarning: Default WIMP parameters are changed in accordance with https://arxiv.org/abs/2105.00599 (github.com/JelleAalbers/wimprates/pull/14)
  warnings.warn(
/global/cfs/cdirs/lz/users/rory_m/.conda/envs/flamedisx_revamped/lib/python3.11/site-packages/wimprates/__init__.py:6: UserWarning: Default WIMP parameters are changed in accordance with https://arxiv.org/abs/2105.00599 (github.com/JelleAalbers/wimprates/pull/14)
  warnings.warn(
/global/cfs/cdirs/lz/users/rory_m/.conda/envs/flamedisx_revamped/lib/python3.11/site-packages/wimprates/__init__.py:6: UserWarning: Default WIMP parameters are changed in accordance with https://arxiv.org/abs/2105.00599 (github.com/JelleAalbers/wimprates/pull/14)
  warnings.warn(
/global/cfs/cdirs/lz/users/rory_m/.conda/envs/flamedisx_revamped/lib/python3.11/site-packages/wimprates/__init__.py:6: UserWarning: Default WIMP parameters are changed in accordance with https://arxiv.org/abs/2105.00599 (github.com/JelleAalbers/wimprates/pull/14)
  warnings.warn(
/global/cfs/cdirs/lz/users/rory_m/.conda/envs/flamedisx_revamped/lib/python3.11/site-packages/wimprates/__init__.py:6: UserWarning: Default WIMP parameters are changed in accordance with https://arxiv.org/abs/2105.00599 (github.com/JelleAalbers/wimprates/pull/14)
  warnings.warn(
/global/cfs/cdirs/lz/users/rory_m/.conda/envs/flamedisx_revamped/lib/python3.11/site-packages/wimprates/__init__.py:6: UserWarning: Default WIMP parameters are changed in accordance with https://arxiv.org/abs/2105.00599 (github.com/JelleAalbers/wimprates/pull/14)
  warnings.warn(
/global/cfs/cdirs/lz/users/rory_m/.conda/envs/flamedisx_revamped/lib/python3.11/site-packages/wimprates/__init__.py:6: UserWarning: Default WIMP parameters are changed in accordance with https://arxiv.org/abs/2105.00599 (github.com/JelleAalbers/wimprates/pull/14)
  warnings.warn(
/global/cfs/cdirs/lz/users/rory_m/.conda/envs/flamedisx_revamped/lib/python3.11/site-packages/wimprates/__init__.py:6: UserWarning: Default WIMP parameters are changed in accordance with https://arxiv.org/abs/2105.00599 (github.com/JelleAalbers/wimprates/pull/14)
  warnings.warn(
/global/cfs/cdirs/lz/users/rory_m/.conda/envs/flamedisx_revamped/lib/python3.11/site-packages/wimprates/__init__.py:6: UserWarning: Default WIMP parameters are changed in accordance with https://arxiv.org/abs/2105.00599 (github.com/JelleAalbers/wimprates/pull/14)
  warnings.warn(
/global/cfs/cdirs/lz/users/rory_m/.conda/envs/flamedisx_revamped/lib/python3.11/site-packages/wimprates/__init__.py:6: UserWarning: Default WIMP parameters are changed in accordance with https://arxiv.org/abs/2105.00599 (github.com/JelleAalbers/wimprates/pull/14)
  warnings.warn(
/global/cfs/cdirs/lz/users/rory_m/.conda/envs/flamedisx_revamped/lib/python3.11/site-packages/wimprates/__init__.py:6: UserWarning: Default WIMP parameters are changed in accordance with https://arxiv.org/abs/2105.00599 (github.com/JelleAalbers/wimprates/pull/14)
  warnings.warn(
/global/cfs/cdirs/lz/users/rory_m/.conda/envs/flamedisx_revamped/lib/python3.11/site-packages/wimprates/__init__.py:6: UserWarning: Default WIMP parameters are changed in accordance with https://arxiv.org/abs/2105.00599 (github.com/JelleAalbers/wimprates/pull/14)
  warnings.warn(
/global/cfs/cdirs/lz/users/rory_m/.conda/envs/flamedisx_revamped/lib/python3.11/site-packages/wimprates/__init__.py:6: UserWarning: Default WIMP parameters are changed in accordance with https://arxiv.org/abs/2105.00599 (github.com/JelleAalbers/wimprates/pull/14)
  warnings.warn(
/global/cfs/cdirs/lz/users/rory_m/.conda/envs/flamedisx_revamped/lib/python3.11/site-packages/wimprates/__init__.py:6: UserWarning: Default WIMP parameters are changed in accordance with https://arxiv.org/abs/2105.00599 (github.com/JelleAalbers/wimprates/pull/14)
  warnings.warn(
/global/cfs/cdirs/lz/users/rory_m/.conda/envs/flamedisx_revamped/lib/python3.11/site-packages/wimprates/__init__.py:6: UserWarning: Default WIMP parameters are changed in accordance with https://arxiv.org/abs/2105.00599 (github.com/JelleAalbers/wimprates/pull/14)
  warnings.warn(
/global/cfs/cdirs/lz/users/rory_m/.conda/envs/flamedisx_revamped/lib/python3.11/site-packages/wimprates/__init__.py:6: UserWarning: Default WIMP parameters are changed in accordance with https://arxiv.org/abs/2105.00599 (github.com/JelleAalbers/wimprates/pull/14)
  warnings.warn(
/global/cfs/cdirs/lz/users/rory_m/.conda/envs/flamedisx_revamped/lib/python3.11/site-packages/wimprates/__init__.py:6: UserWarning: Default WIMP parameters are changed in accordance with https://arxiv.org/abs/2105.00599 (github.com/JelleAalbers/wimprates/pull/14)
  warnings.warn(
/global/cfs/cdirs/lz/users/rory_m/.conda/envs/flamedisx_revamped/lib/python3.11/site-packages/wimprates/__init__.py:6: UserWarning: Default WIMP parameters are changed in accordance with https://arxiv.org/abs/2105.00599 (github.com/JelleAalbers/wimprates/pull/14)
  warnings.warn(
/global/cfs/cdirs/lz/users/rory_m/.conda/envs/flamedisx_revamped/lib/python3.11/site-packages/wimprates/__init__.py:6: UserWarning: Default WIMP parameters are changed in accordance with https://arxiv.org/abs/2105.00599 (github.com/JelleAalbers/wimprates/pull/14)
  warnings.warn(
/global/cfs/cdirs/lz/users/rory_m/.conda/envs/flamedisx_revamped/lib/python3.11/site-packages/wimprates/__init__.py:6: UserWarning: Default WIMP parameters are changed in accordance with https://arxiv.org/abs/2105.00599 (github.com/JelleAalbers/wimprates/pull/14)
  warnings.warn(
/global/cfs/cdirs/lz/users/rory_m/.conda/envs/flamedisx_revamped/lib/python3.11/site-packages/wimprates/__init__.py:6: UserWarning: Default WIMP parameters are changed in accordance with https://arxiv.org/abs/2105.00599 (github.com/JelleAalbers/wimprates/pull/14)
  warnings.warn(
/global/cfs/cdirs/lz/users/rory_m/.conda/envs/flamedisx_revamped/lib/python3.11/site-packages/wimprates/__init__.py:6: UserWarning: Default WIMP parameters are changed in accordance with https://arxiv.org/abs/2105.00599 (github.com/JelleAalbers/wimprates/pull/14)
  warnings.warn(
/global/cfs/cdirs/lz/users/rory_m/.conda/envs/flamedisx_revamped/lib/python3.11/site-packages/wimprates/__init__.py:6: UserWarning: Default WIMP parameters are changed in accordance with https://arxiv.org/abs/2105.00599 (github.com/JelleAalbers/wimprates/pull/14)
  warnings.warn(
/global/cfs/cdirs/lz/users/rory_m/.conda/envs/flamedisx_revamped/lib/python3.11/site-packages/wimprates/__init__.py:6: UserWarning: Default WIMP parameters are changed in accordance with https://arxiv.org/abs/2105.00599 (github.com/JelleAalbers/wimprates/pull/14)
  warnings.warn(
/global/cfs/cdirs/lz/users/rory_m/.conda/envs/flamedisx_revamped/lib/python3.11/site-packages/wimprates/__init__.py:6: UserWarning: Default WIMP parameters are changed in accordance with https://arxiv.org/abs/2105.00599 (github.com/JelleAalbers/wimprates/pull/14)
  warnings.warn(
/global/cfs/cdirs/lz/users/rory_m/.conda/envs/flamedisx_revamped/lib/python3.11/site-packages/wimprates/__init__.py:6: UserWarning: Default WIMP parameters are changed in accordance with https://arxiv.org/abs/2105.00599 (github.com/JelleAalbers/wimprates/pull/14)
  warnings.warn(
/global/cfs/cdirs/lz/users/rory_m/.conda/envs/flamedisx_revamped/lib/python3.11/site-packages/wimprates/__init__.py:6: UserWarning: Default WIMP parameters are changed in accordance with https://arxiv.org/abs/2105.00599 (github.com/JelleAalbers/wimprates/pull/14)
  warnings.warn(
/global/cfs/cdirs/lz/users/rory_m/.conda/envs/flamedisx_revamped/lib/python3.11/site-packages/wimprates/__init__.py:6: UserWarning: Default WIMP parameters are changed in accordance with https://arxiv.org/abs/2105.00599 (github.com/JelleAalbers/wimprates/pull/14)
  warnings.warn(
/global/cfs/cdirs/lz/users/rory_m/.conda/envs/flamedisx_revamped/lib/python3.11/site-packages/wimprates/__init__.py:6: UserWarning: Default WIMP parameters are changed in accordance with https://arxiv.org/abs/2105.00599 (github.com/JelleAalbers/wimprates/pull/14)
  warnings.warn(
/global/cfs/cdirs/lz/users/rory_m/.conda/envs/flamedisx_revamped/lib/python3.11/site-packages/wimprates/__init__.py:6: UserWarning: Default WIMP parameters are changed in accordance with https://arxiv.org/abs/2105.00599 (github.com/JelleAalbers/wimprates/pull/14)
  warnings.warn(
/global/cfs/cdirs/lz/users/rory_m/.conda/envs/flamedisx_revamped/lib/python3.11/site-packages/wimprates/__init__.py:6: UserWarning: Default WIMP parameters are changed in accordance with https://arxiv.org/abs/2105.00599 (github.com/JelleAalbers/wimprates/pull/14)
  warnings.warn(
/global/cfs/cdirs/lz/users/rory_m/.conda/envs/flamedisx_revamped/lib/python3.11/site-packages/wimprates/__init__.py:6: UserWarning: Default WIMP parameters are changed in accordance with https://arxiv.org/abs/2105.00599 (github.com/JelleAalbers/wimprates/pull/14)
  warnings.warn(
/global/cfs/cdirs/lz/users/rory_m/.conda/envs/flamedisx_revamped/lib/python3.11/site-packages/wimprates/__init__.py:6: UserWarning: Default WIMP parameters are changed in accordance with https://arxiv.org/abs/2105.00599 (github.com/JelleAalbers/wimprates/pull/14)
  warnings.warn(
/global/cfs/cdirs/lz/users/rory_m/.conda/envs/flamedisx_revamped/lib/python3.11/site-packages/wimprates/__init__.py:6: UserWarning: Default WIMP parameters are changed in accordance with https://arxiv.org/abs/2105.00599 (github.com/JelleAalbers/wimprates/pull/14)
  warnings.warn(
/global/cfs/cdirs/lz/users/rory_m/.conda/envs/flamedisx_revamped/lib/python3.11/site-packages/wimprates/__init__.py:6: UserWarning: Default WIMP parameters are changed in accordance with https://arxiv.org/abs/2105.00599 (github.com/JelleAalbers/wimprates/pull/14)
  warnings.warn(
/global/cfs/cdirs/lz/users/rory_m/.conda/envs/flamedisx_revamped/lib/python3.11/site-packages/wimprates/__init__.py:6: UserWarning: Default WIMP parameters are changed in accordance with https://arxiv.org/abs/2105.00599 (github.com/JelleAalbers/wimprates/pull/14)
  warnings.warn(
/global/cfs/cdirs/lz/users/rory_m/.conda/envs/flamedisx_revamped/lib/python3.11/site-packages/wimprates/__init__.py:6: UserWarning: Default WIMP parameters are changed in accordance with https://arxiv.org/abs/2105.00599 (github.com/JelleAalbers/wimprates/pull/14)
  warnings.warn(
/global/cfs/cdirs/lz/users/rory_m/.conda/envs/flamedisx_revamped/lib/python3.11/site-packages/wimprates/__init__.py:6: UserWarning: Default WIMP parameters are changed in accordance with https://arxiv.org/abs/2105.00599 (github.com/JelleAalbers/wimprates/pull/14)
  warnings.warn(
/global/cfs/cdirs/lz/users/rory_m/.conda/envs/flamedisx_revamped/lib/python3.11/site-packages/wimprates/__init__.py:6: UserWarning: Default WIMP parameters are changed in accordance with https://arxiv.org/abs/2105.00599 (github.com/JelleAalbers/wimprates/pull/14)
  warnings.warn(
/global/cfs/cdirs/lz/users/rory_m/.conda/envs/flamedisx_revamped/lib/python3.11/site-packages/wimprates/__init__.py:6: UserWarning: Default WIMP parameters are changed in accordance with https://arxiv.org/abs/2105.00599 (github.com/JelleAalbers/wimprates/pull/14)
  warnings.warn(
/global/cfs/cdirs/lz/users/rory_m/.conda/envs/flamedisx_revamped/lib/python3.11/site-packages/wimprates/__init__.py:6: UserWarning: Default WIMP parameters are changed in accordance with https://arxiv.org/abs/2105.00599 (github.com/JelleAalbers/wimprates/pull/14)
  warnings.warn(
/global/cfs/cdirs/lz/users/rory_m/.conda/envs/flamedisx_revamped/lib/python3.11/site-packages/wimprates/__init__.py:6: UserWarning: Default WIMP parameters are changed in accordance with https://arxiv.org/abs/2105.00599 (github.com/JelleAalbers/wimprates/pull/14)
  warnings.warn(
/global/cfs/cdirs/lz/users/rory_m/.conda/envs/flamedisx_revamped/lib/python3.11/site-packages/wimprates/__init__.py:6: UserWarning: Default WIMP parameters are changed in accordance with https://arxiv.org/abs/2105.00599 (github.com/JelleAalbers/wimprates/pull/14)
  warnings.warn(
/global/cfs/cdirs/lz/users/rory_m/.conda/envs/flamedisx_revamped/lib/python3.11/site-packages/wimprates/__init__.py:6: UserWarning: Default WIMP parameters are changed in accordance with https://arxiv.org/abs/2105.00599 (github.com/JelleAalbers/wimprates/pull/14)
  warnings.warn(
/global/cfs/cdirs/lz/users/rory_m/.conda/envs/flamedisx_revamped/lib/python3.11/site-packages/wimprates/__init__.py:6: UserWarning: Default WIMP parameters are changed in accordance with https://arxiv.org/abs/2105.00599 (github.com/JelleAalbers/wimprates/pull/14)
  warnings.warn(
2026-06-12 08:28:53.469612: E external/local_xla/xla/stream_executor/cuda/cuda_platform.cc:51] failed call to cuInit: INTERNAL: CUDA error: Failed call to cuInit: CUDA_ERROR_NO_DEVICE: no CUDA-capable device is detected
2026-06-12 08:28:53.470060: E external/local_xla/xla/stream_executor/cuda/cuda_platform.cc:51] failed call to cuInit: INTERNAL: CUDA error: Failed call to cuInit: CUDA_ERROR_NO_DEVICE: no CUDA-capable device is detected
2026-06-12 08:28:53.470462: E external/local_xla/xla/stream_executor/cuda/cuda_platform.cc:51] failed call to cuInit: INTERNAL: CUDA error: Failed call to cuInit: CUDA_ERROR_NO_DEVICE: no CUDA-capable device is detected
2026-06-12 08:28:53.474001: E external/local_xla/xla/stream_executor/cuda/cuda_platform.cc:51] failed call to cuInit: INTERNAL: CUDA error: Failed call to cuInit: CUDA_ERROR_NO_DEVICE: no CUDA-capable device is detected
2026-06-12 08:28:53.474505: E external/local_xla/xla/stream_executor/cuda/cuda_platform.cc:51] failed call to cuInit: INTERNAL: CUDA error: Failed call to cuInit: CUDA_ERROR_NO_DEVICE: no CUDA-capable device is detected
2026-06-12 08:28:53.474512: E external/local_xla/xla/stream_executor/cuda/cuda_platform.cc:51] failed call to cuInit: INTERNAL: CUDA error: Failed call to cuInit: CUDA_ERROR_NO_DEVICE: no CUDA-capable device is detected
2026-06-12 08:28:53.474507: E external/local_xla/xla/stream_executor/cuda/cuda_platform.cc:51] failed call to cuInit: INTERNAL: CUDA error: Failed call to cuInit: CUDA_ERROR_NO_DEVICE: no CUDA-capable device is detected
2026-06-12 08:28:53.495082: E external/local_xla/xla/stream_executor/cuda/cuda_platform.cc:51] failed call to cuInit: INTERNAL: CUDA error: Failed call to cuInit: CUDA_ERROR_NO_DEVICE: no CUDA-capable device is detected
2026-06-12 08:28:53.544009: E external/local_xla/xla/stream_executor/cuda/cuda_platform.cc:51] failed call to cuInit: INTERNAL: CUDA error: Failed call to cuInit: CUDA_ERROR_NO_DEVICE: no CUDA-capable device is detected
2026-06-12 08:28:53.554412: E external/local_xla/xla/stream_executor/cuda/cuda_platform.cc:51] failed call to cuInit: INTERNAL: CUDA error: Failed call to cuInit: CUDA_ERROR_NO_DEVICE: no CUDA-capable device is detected
2026-06-12 08:28:53.554415: E external/local_xla/xla/stream_executor/cuda/cuda_platform.cc:51] failed call to cuInit: INTERNAL: CUDA error: Failed call to cuInit: CUDA_ERROR_NO_DEVICE: no CUDA-capable device is detected
2026-06-12 08:28:53.571674: E external/local_xla/xla/stream_executor/cuda/cuda_platform.cc:51] failed call to cuInit: INTERNAL: CUDA error: Failed call to cuInit: CUDA_ERROR_NO_DEVICE: no CUDA-capable device is detected
2026-06-12 08:28:53.579409: E external/local_xla/xla/stream_executor/cuda/cuda_platform.cc:51] failed call to cuInit: INTERNAL: CUDA error: Failed call to cuInit: CUDA_ERROR_NO_DEVICE: no CUDA-capable device is detected
2026-06-12 08:28:53.579361: E external/local_xla/xla/stream_executor/cuda/cuda_platform.cc:51] failed call to cuInit: INTERNAL: CUDA error: Failed call to cuInit: CUDA_ERROR_NO_DEVICE: no CUDA-capable device is detected
2026-06-12 08:28:53.592069: E external/local_xla/xla/stream_executor/cuda/cuda_platform.cc:51] failed call to cuInit: INTERNAL: CUDA error: Failed call to cuInit: CUDA_ERROR_NO_DEVICE: no CUDA-capable device is detected
2026-06-12 08:28:53.596520: E external/local_xla/xla/stream_executor/cuda/cuda_platform.cc:51] failed call to cuInit: INTERNAL: CUDA error: Failed call to cuInit: CUDA_ERROR_NO_DEVICE: no CUDA-capable device is detected
2026-06-12 08:28:53.600814: E external/local_xla/xla/stream_executor/cuda/cuda_platform.cc:51] failed call to cuInit: INTERNAL: CUDA error: Failed call to cuInit: CUDA_ERROR_NO_DEVICE: no CUDA-capable device is detected
2026-06-12 08:28:53.602267: E external/local_xla/xla/stream_executor/cuda/cuda_platform.cc:51] failed call to cuInit: INTERNAL: CUDA error: Failed call to cuInit: CUDA_ERROR_NO_DEVICE: no CUDA-capable device is detected
2026-06-12 08:28:53.602269: E external/local_xla/xla/stream_executor/cuda/cuda_platform.cc:51] failed call to cuInit: INTERNAL: CUDA error: Failed call to cuInit: CUDA_ERROR_NO_DEVICE: no CUDA-capable device is detected
2026-06-12 08:28:53.609086: E external/local_xla/xla/stream_executor/cuda/cuda_platform.cc:51] failed call to cuInit: INTERNAL: CUDA error: Failed call to cuInit: CUDA_ERROR_NO_DEVICE: no CUDA-capable device is detected
2026-06-12 08:28:53.609852: E external/local_xla/xla/stream_executor/cuda/cuda_platform.cc:51] failed call to cuInit: INTERNAL: CUDA error: Failed call to cuInit: CUDA_ERROR_NO_DEVICE: no CUDA-capable device is detected
2026-06-12 08:28:53.614408: E external/local_xla/xla/stream_executor/cuda/cuda_platform.cc:51] failed call to cuInit: INTERNAL: CUDA error: Failed call to cuInit: CUDA_ERROR_NO_DEVICE: no CUDA-capable device is detected
2026-06-12 08:28:53.617980: E external/local_xla/xla/stream_executor/cuda/cuda_platform.cc:51] failed call to cuInit: INTERNAL: CUDA error: Failed call to cuInit: CUDA_ERROR_NO_DEVICE: no CUDA-capable device is detected
2026-06-12 08:28:53.619759: E external/local_xla/xla/stream_executor/cuda/cuda_platform.cc:51] failed call to cuInit: INTERNAL: CUDA error: Failed call to cuInit: CUDA_ERROR_NO_DEVICE: no CUDA-capable device is detected
2026-06-12 08:28:53.619806: E external/local_xla/xla/stream_executor/cuda/cuda_platform.cc:51] failed call to cuInit: INTERNAL: CUDA error: Failed call to cuInit: CUDA_ERROR_NO_DEVICE: no CUDA-capable device is detected
2026-06-12 08:28:53.624344: E external/local_xla/xla/stream_executor/cuda/cuda_platform.cc:51] failed call to cuInit: INTERNAL: CUDA error: Failed call to cuInit: CUDA_ERROR_NO_DEVICE: no CUDA-capable device is detected
2026-06-12 08:28:53.624339: E external/local_xla/xla/stream_executor/cuda/cuda_platform.cc:51] failed call to cuInit: INTERNAL: CUDA error: Failed call to cuInit: CUDA_ERROR_NO_DEVICE: no CUDA-capable device is detected
2026-06-12 08:28:53.628604: E external/local_xla/xla/stream_executor/cuda/cuda_platform.cc:51] failed call to cuInit: INTERNAL: CUDA error: Failed call to cuInit: CUDA_ERROR_NO_DEVICE: no CUDA-capable device is detected
2026-06-12 08:28:53.628602: E external/local_xla/xla/stream_executor/cuda/cuda_platform.cc:51] failed call to cuInit: INTERNAL: CUDA error: Failed call to cuInit: CUDA_ERROR_NO_DEVICE: no CUDA-capable device is detected
2026-06-12 08:28:53.628830: E external/local_xla/xla/stream_executor/cuda/cuda_platform.cc:51] failed call to cuInit: INTERNAL: CUDA error: Failed call to cuInit: CUDA_ERROR_NO_DEVICE: no CUDA-capable device is detected
2026-06-12 08:28:53.629008: E external/local_xla/xla/stream_executor/cuda/cuda_platform.cc:51] failed call to cuInit: INTERNAL: CUDA error: Failed call to cuInit: CUDA_ERROR_NO_DEVICE: no CUDA-capable device is detected
2026-06-12 08:28:53.629117: E external/local_xla/xla/stream_executor/cuda/cuda_platform.cc:51] failed call to cuInit: INTERNAL: CUDA error: Failed call to cuInit: CUDA_ERROR_NO_DEVICE: no CUDA-capable device is detected
2026-06-12 08:28:53.629061: E external/local_xla/xla/stream_executor/cuda/cuda_platform.cc:51] failed call to cuInit: INTERNAL: CUDA error: Failed call to cuInit: CUDA_ERROR_NO_DEVICE: no CUDA-capable device is detected
2026-06-12 08:28:53.630696: E external/local_xla/xla/stream_executor/cuda/cuda_platform.cc:51] failed call to cuInit: INTERNAL: CUDA error: Failed call to cuInit: CUDA_ERROR_NO_DEVICE: no CUDA-capable device is detected
2026-06-12 08:28:53.630697: E external/local_xla/xla/stream_executor/cuda/cuda_platform.cc:51] failed call to cuInit: INTERNAL: CUDA error: Failed call to cuInit: CUDA_ERROR_NO_DEVICE: no CUDA-capable device is detected
2026-06-12 08:28:53.631298: E external/local_xla/xla/stream_executor/cuda/cuda_platform.cc:51] failed call to cuInit: INTERNAL: CUDA error: Failed call to cuInit: CUDA_ERROR_NO_DEVICE: no CUDA-capable device is detected
2026-06-12 08:28:53.631443: E external/local_xla/xla/stream_executor/cuda/cuda_platform.cc:51] failed call to cuInit: INTERNAL: CUDA error: Failed call to cuInit: CUDA_ERROR_NO_DEVICE: no CUDA-capable device is detected
2026-06-12 08:28:53.632184: E external/local_xla/xla/stream_executor/cuda/cuda_platform.cc:51] failed call to cuInit: INTERNAL: CUDA error: Failed call to cuInit: CUDA_ERROR_NO_DEVICE: no CUDA-capable device is detected
2026-06-12 08:28:53.632183: E external/local_xla/xla/stream_executor/cuda/cuda_platform.cc:51] failed call to cuInit: INTERNAL: CUDA error: Failed call to cuInit: CUDA_ERROR_NO_DEVICE: no CUDA-capable device is detected
2026-06-12 08:28:53.632263: E external/local_xla/xla/stream_executor/cuda/cuda_platform.cc:51] failed call to cuInit: INTERNAL: CUDA error: Failed call to cuInit: CUDA_ERROR_NO_DEVICE: no CUDA-capable device is detected
2026-06-12 08:28:53.632259: E external/local_xla/xla/stream_executor/cuda/cuda_platform.cc:51] failed call to cuInit: INTERNAL: CUDA error: Failed call to cuInit: CUDA_ERROR_NO_DEVICE: no CUDA-capable device is detected
2026-06-12 08:28:53.632259: E external/local_xla/xla/stream_executor/cuda/cuda_platform.cc:51] failed call to cuInit: INTERNAL: CUDA error: Failed call to cuInit: CUDA_ERROR_NO_DEVICE: no CUDA-capable device is detected
2026-06-12 08:28:53.632346: E external/local_xla/xla/stream_executor/cuda/cuda_platform.cc:51] failed call to cuInit: INTERNAL: CUDA error: Failed call to cuInit: CUDA_ERROR_NO_DEVICE: no CUDA-capable device is detected
2026-06-12 08:28:53.632289: E external/local_xla/xla/stream_executor/cuda/cuda_platform.cc:51] failed call to cuInit: INTERNAL: CUDA error: Failed call to cuInit: CUDA_ERROR_NO_DEVICE: no CUDA-capable device is detected
2026-06-12 08:28:53.632636: E external/local_xla/xla/stream_executor/cuda/cuda_platform.cc:51] failed call to cuInit: INTERNAL: CUDA error: Failed call to cuInit: CUDA_ERROR_NO_DEVICE: no CUDA-capable device is detected
2026-06-12 08:28:53.632723: E external/local_xla/xla/stream_executor/cuda/cuda_platform.cc:51] failed call to cuInit: INTERNAL: CUDA error: Failed call to cuInit: CUDA_ERROR_NO_DEVICE: no CUDA-capable device is detected
2026-06-12 08:28:53.633653: E external/local_xla/xla/stream_executor/cuda/cuda_platform.cc:51] failed call to cuInit: INTERNAL: CUDA error: Failed call to cuInit: CUDA_ERROR_NO_DEVICE: no CUDA-capable device is detected
2026-06-12 08:28:53.633787: E external/local_xla/xla/stream_executor/cuda/cuda_platform.cc:51] failed call to cuInit: INTERNAL: CUDA error: Failed call to cuInit: CUDA_ERROR_NO_DEVICE: no CUDA-capable device is detected
2026-06-12 08:28:53.633827: E external/local_xla/xla/stream_executor/cuda/cuda_platform.cc:51] failed call to cuInit: INTERNAL: CUDA error: Failed call to cuInit: CUDA_ERROR_NO_DEVICE: no CUDA-capable device is detected
2026-06-12 08:28:53.633878: E external/local_xla/xla/stream_executor/cuda/cuda_platform.cc:51] failed call to cuInit: INTERNAL: CUDA error: Failed call to cuInit: CUDA_ERROR_NO_DEVICE: no CUDA-capable device is detected
2026-06-12 08:28:53.633876: E external/local_xla/xla/stream_executor/cuda/cuda_platform.cc:51] failed call to cuInit: INTERNAL: CUDA error: Failed call to cuInit: CUDA_ERROR_NO_DEVICE: no CUDA-capable device is detected
2026-06-12 08:28:53.633883: E external/local_xla/xla/stream_executor/cuda/cuda_platform.cc:51] failed call to cuInit: INTERNAL: CUDA error: Failed call to cuInit: CUDA_ERROR_NO_DEVICE: no CUDA-capable device is detected
2026-06-12 08:28:53.634894: E external/local_xla/xla/stream_executor/cuda/cuda_platform.cc:51] failed call to cuInit: INTERNAL: CUDA error: Failed call to cuInit: CUDA_ERROR_NO_DEVICE: no CUDA-capable device is detected
2026-06-12 08:28:53.694373: E external/local_xla/xla/stream_executor/cuda/cuda_platform.cc:51] failed call to cuInit: INTERNAL: CUDA error: Failed call to cuInit: CUDA_ERROR_NO_DEVICE: no CUDA-capable device is detected
2026-06-12 08:28:53.709601: E external/local_xla/xla/stream_executor/cuda/cuda_platform.cc:51] failed call to cuInit: INTERNAL: CUDA error: Failed call to cuInit: CUDA_ERROR_NO_DEVICE: no CUDA-capable device is detected
2026-06-12 08:28:53.772986: E external/local_xla/xla/stream_executor/cuda/cuda_platform.cc:51] failed call to cuInit: INTERNAL: CUDA error: Failed call to cuInit: CUDA_ERROR_NO_DEVICE: no CUDA-capable device is detected
2026-06-12 08:28:53.775412: E external/local_xla/xla/stream_executor/cuda/cuda_platform.cc:51] failed call to cuInit: INTERNAL: CUDA error: Failed call to cuInit: CUDA_ERROR_NO_DEVICE: no CUDA-capable device is detected
2026-06-12 08:28:53.775731: E external/local_xla/xla/stream_executor/cuda/cuda_platform.cc:51] failed call to cuInit: INTERNAL: CUDA error: Failed call to cuInit: CUDA_ERROR_NO_DEVICE: no CUDA-capable device is detected
2026-06-12 08:28:53.776607: E external/local_xla/xla/stream_executor/cuda/cuda_platform.cc:51] failed call to cuInit: INTERNAL: CUDA error: Failed call to cuInit: CUDA_ERROR_NO_DEVICE: no CUDA-capable device is detected
2026-06-12 08:28:53.806536: E external/local_xla/xla/stream_executor/cuda/cuda_platform.cc:51] failed call to cuInit: INTERNAL: CUDA error: Failed call to cuInit: CUDA_ERROR_NO_DEVICE: no CUDA-capable device is detected
2026-06-12 08:28:53.811169: E external/local_xla/xla/stream_executor/cuda/cuda_platform.cc:51] failed call to cuInit: INTERNAL: CUDA error: Failed call to cuInit: CUDA_ERROR_NO_DEVICE: no CUDA-capable device is detected
2026-06-12 08:28:53.816120: E external/local_xla/xla/stream_executor/cuda/cuda_platform.cc:51] failed call to cuInit: INTERNAL: CUDA error: Failed call to cuInit: CUDA_ERROR_NO_DEVICE: no CUDA-capable device is detected
2026-06-12 08:28:53.821862: E external/local_xla/xla/stream_executor/cuda/cuda_platform.cc:51] failed call to cuInit: INTERNAL: CUDA error: Failed call to cuInit: CUDA_ERROR_NO_DEVICE: no CUDA-capable device is detected
2026-06-12 08:28:53.826005: E external/local_xla/xla/stream_executor/cuda/cuda_platform.cc:51] failed call to cuInit: INTERNAL: CUDA error: Failed call to cuInit: CUDA_ERROR_NO_DEVICE: no CUDA-capable device is detected
2026-06-12 08:28:53.843048: E external/local_xla/xla/stream_executor/cuda/cuda_platform.cc:51] failed call to cuInit: INTERNAL: CUDA error: Failed call to cuInit: CUDA_ERROR_NO_DEVICE: no CUDA-capable device is detected
2026-06-12 08:28:53.844730: E external/local_xla/xla/stream_executor/cuda/cuda_platform.cc:51] failed call to cuInit: INTERNAL: CUDA error: Failed call to cuInit: CUDA_ERROR_NO_DEVICE: no CUDA-capable device is detected
2026-06-12 08:28:53.851343: E external/local_xla/xla/stream_executor/cuda/cuda_platform.cc:51] failed call to cuInit: INTERNAL: CUDA error: Failed call to cuInit: CUDA_ERROR_NO_DEVICE: no CUDA-capable device is detected
2026-06-12 08:28:53.882074: E external/local_xla/xla/stream_executor/cuda/cuda_platform.cc:51] failed call to cuInit: INTERNAL: CUDA error: Failed call to cuInit: CUDA_ERROR_NO_DEVICE: no CUDA-capable device is detected
2026-06-12 08:28:53.925775: E external/local_xla/xla/stream_executor/cuda/cuda_platform.cc:51] failed call to cuInit: INTERNAL: CUDA error: Failed call to cuInit: CUDA_ERROR_NO_DEVICE: no CUDA-capable device is detected
2026-06-12 08:28:53.935614: E external/local_xla/xla/stream_executor/cuda/cuda_platform.cc:51] failed call to cuInit: INTERNAL: CUDA error: Failed call to cuInit: CUDA_ERROR_NO_DEVICE: no CUDA-capable device is detected
2026-06-12 08:28:53.939086: E external/local_xla/xla/stream_executor/cuda/cuda_platform.cc:51] failed call to cuInit: INTERNAL: CUDA error: Failed call to cuInit: CUDA_ERROR_NO_DEVICE: no CUDA-capable device is detected
2026-06-12 08:28:53.973283: E external/local_xla/xla/stream_executor/cuda/cuda_platform.cc:51] failed call to cuInit: INTERNAL: CUDA error: Failed call to cuInit: CUDA_ERROR_NO_DEVICE: no CUDA-capable device is detected
2026-06-12 08:28:53.974002: E external/local_xla/xla/stream_executor/cuda/cuda_platform.cc:51] failed call to cuInit: INTERNAL: CUDA error: Failed call to cuInit: CUDA_ERROR_NO_DEVICE: no CUDA-capable device is detected
2026-06-12 08:28:53.976159: E external/local_xla/xla/stream_executor/cuda/cuda_platform.cc:51] failed call to cuInit: INTERNAL: CUDA error: Failed call to cuInit: CUDA_ERROR_NO_DEVICE: no CUDA-capable device is detected
2026-06-12 08:28:53.994375: E external/local_xla/xla/stream_executor/cuda/cuda_platform.cc:51] failed call to cuInit: INTERNAL: CUDA error: Failed call to cuInit: CUDA_ERROR_NO_DEVICE: no CUDA-capable device is detected
2026-06-12 08:28:54.001043: E external/local_xla/xla/stream_executor/cuda/cuda_platform.cc:51] failed call to cuInit: INTERNAL: CUDA error: Failed call to cuInit: CUDA_ERROR_NO_DEVICE: no CUDA-capable device is detected
2026-06-12 08:28:54.011822: E external/local_xla/xla/stream_executor/cuda/cuda_platform.cc:51] failed call to cuInit: INTERNAL: CUDA error: Failed call to cuInit: CUDA_ERROR_NO_DEVICE: no CUDA-capable device is detected
2026-06-12 08:28:54.015563: E external/local_xla/xla/stream_executor/cuda/cuda_platform.cc:51] failed call to cuInit: INTERNAL: CUDA error: Failed call to cuInit: CUDA_ERROR_NO_DEVICE: no CUDA-capable device is detected
2026-06-12 08:28:54.017407: E external/local_xla/xla/stream_executor/cuda/cuda_platform.cc:51] failed call to cuInit: INTERNAL: CUDA error: Failed call to cuInit: CUDA_ERROR_NO_DEVICE: no CUDA-capable device is detected
2026-06-12 08:28:54.019753: E external/local_xla/xla/stream_executor/cuda/cuda_platform.cc:51] failed call to cuInit: INTERNAL: CUDA error: Failed call to cuInit: CUDA_ERROR_NO_DEVICE: no CUDA-capable device is detected
2026-06-12 08:28:54.021999: E external/local_xla/xla/stream_executor/cuda/cuda_platform.cc:51] failed call to cuInit: INTERNAL: CUDA error: Failed call to cuInit: CUDA_ERROR_NO_DEVICE: no CUDA-capable device is detected
2026-06-12 08:28:54.022783: E external/local_xla/xla/stream_executor/cuda/cuda_platform.cc:51] failed call to cuInit: INTERNAL: CUDA error: Failed call to cuInit: CUDA_ERROR_NO_DEVICE: no CUDA-capable device is detected
2026-06-12 08:28:54.032470: E external/local_xla/xla/stream_executor/cuda/cuda_platform.cc:51] failed call to cuInit: INTERNAL: CUDA error: Failed call to cuInit: CUDA_ERROR_NO_DEVICE: no CUDA-capable device is detected
2026-06-12 08:28:54.034534: E external/local_xla/xla/stream_executor/cuda/cuda_platform.cc:51] failed call to cuInit: INTERNAL: CUDA error: Failed call to cuInit: CUDA_ERROR_NO_DEVICE: no CUDA-capable device is detected
2026-06-12 08:28:54.041229: E external/local_xla/xla/stream_executor/cuda/cuda_platform.cc:51] failed call to cuInit: INTERNAL: CUDA error: Failed call to cuInit: CUDA_ERROR_NO_DEVICE: no CUDA-capable device is detected
2026-06-12 08:28:54.045264: E external/local_xla/xla/stream_executor/cuda/cuda_platform.cc:51] failed call to cuInit: INTERNAL: CUDA error: Failed call to cuInit: CUDA_ERROR_NO_DEVICE: no CUDA-capable device is detected
2026-06-12 08:28:54.051180: E external/local_xla/xla/stream_executor/cuda/cuda_platform.cc:51] failed call to cuInit: INTERNAL: CUDA error: Failed call to cuInit: CUDA_ERROR_NO_DEVICE: no CUDA-capable device is detected
2026-06-12 08:28:54.053869: E external/local_xla/xla/stream_executor/cuda/cuda_platform.cc:51] failed call to cuInit: INTERNAL: CUDA error: Failed call to cuInit: CUDA_ERROR_NO_DEVICE: no CUDA-capable device is detected
2026-06-12 08:28:54.062489: E external/local_xla/xla/stream_executor/cuda/cuda_platform.cc:51] failed call to cuInit: INTERNAL: CUDA error: Failed call to cuInit: CUDA_ERROR_NO_DEVICE: no CUDA-capable device is detected
2026-06-12 08:28:54.084306: E external/local_xla/xla/stream_executor/cuda/cuda_platform.cc:51] failed call to cuInit: INTERNAL: CUDA error: Failed call to cuInit: CUDA_ERROR_NO_DEVICE: no CUDA-capable device is detected
2026-06-12 08:28:54.097691: E external/local_xla/xla/stream_executor/cuda/cuda_platform.cc:51] failed call to cuInit: INTERNAL: CUDA error: Failed call to cuInit: CUDA_ERROR_NO_DEVICE: no CUDA-capable device is detected
2026-06-12 08:28:54.101599: E external/local_xla/xla/stream_executor/cuda/cuda_platform.cc:51] failed call to cuInit: INTERNAL: CUDA error: Failed call to cuInit: CUDA_ERROR_NO_DEVICE: no CUDA-capable device is detected
2026-06-12 08:28:54.111648: E external/local_xla/xla/stream_executor/cuda/cuda_platform.cc:51] failed call to cuInit: INTERNAL: CUDA error: Failed call to cuInit: CUDA_ERROR_NO_DEVICE: no CUDA-capable device is detected
2026-06-12 08:28:54.156829: E external/local_xla/xla/stream_executor/cuda/cuda_platform.cc:51] failed call to cuInit: INTERNAL: CUDA error: Failed call to cuInit: CUDA_ERROR_NO_DEVICE: no CUDA-capable device is detected
2026-06-12 08:28:54.194378: E external/local_xla/xla/stream_executor/cuda/cuda_platform.cc:51] failed call to cuInit: INTERNAL: CUDA error: Failed call to cuInit: CUDA_ERROR_NO_DEVICE: no CUDA-capable device is detected
2026-06-12 08:28:54.359988: E external/local_xla/xla/stream_executor/cuda/cuda_platform.cc:51] failed call to cuInit: INTERNAL: CUDA error: Failed call to cuInit: CUDA_ERROR_NO_DEVICE: no CUDA-capable device is detected
2026-06-12 08:28:54.362831: E external/local_xla/xla/stream_executor/cuda/cuda_platform.cc:51] failed call to cuInit: INTERNAL: CUDA error: Failed call to cuInit: CUDA_ERROR_NO_DEVICE: no CUDA-capable device is detected
2026-06-12 08:28:54.371010: E external/local_xla/xla/stream_executor/cuda/cuda_platform.cc:51] failed call to cuInit: INTERNAL: CUDA error: Failed call to cuInit: CUDA_ERROR_NO_DEVICE: no CUDA-capable device is detected
2026-06-12 08:28:54.405575: E external/local_xla/xla/stream_executor/cuda/cuda_platform.cc:51] failed call to cuInit: INTERNAL: CUDA error: Failed call to cuInit: CUDA_ERROR_NO_DEVICE: no CUDA-capable device is detected
2026-06-12 08:28:54.565022: E external/local_xla/xla/stream_executor/cuda/cuda_platform.cc:51] failed call to cuInit: INTERNAL: CUDA error: Failed call to cuInit: CUDA_ERROR_NO_DEVICE: no CUDA-capable device is detected
Traceback (most recent call last):
  File "/global/cfs/cdirs/lz/users/rory_m/XLZD/FlameFitSimple/analyses/wimp_sensitivity/../sensitivity/run_routine_sensitivity.py", line 31, in <module>
Traceback (most recent call last):
  File "/global/cfs/cdirs/lz/users/rory_m/XLZD/FlameFitSimple/analyses/wimp_sensitivity/../sensitivity/run_routine_sensitivity.py", line 31, in <module>
Traceback (most recent call last):
  File "/global/cfs/cdirs/lz/users/rory_m/XLZD/FlameFitSimple/analyses/wimp_sensitivity/../sensitivity/run_routine_sensitivity.py", line 31, in <module>
Traceback (most recent call last):
  File "/global/cfs/cdirs/lz/users/rory_m/XLZD/FlameFitSimple/analyses/wimp_sensitivity/../sensitivity/run_routine_sensitivity.py", line 31, in <module>
Traceback (most recent call last):
  File "/global/cfs/cdirs/lz/users/rory_m/XLZD/FlameFitSimple/analyses/wimp_sensitivity/../sensitivity/run_routine_sensitivity.py", line 31, in <module>
Traceback (most recent call last):
  File "/global/cfs/cdirs/lz/users/rory_m/XLZD/FlameFitSimple/analyses/wimp_sensitivity/../sensitivity/run_routine_sensitivity.py", line 31, in <module>
Traceback (most recent call last):
  File "/global/cfs/cdirs/lz/users/rory_m/XLZD/FlameFitSimple/analyses/wimp_sensitivity/../sensitivity/run_routine_sensitivity.py", line 31, in <module>
Traceback (most recent call last):
  File "/global/cfs/cdirs/lz/users/rory_m/XLZD/FlameFitSimple/analyses/wimp_sensitivity/../sensitivity/run_routine_sensitivity.py", line 31, in <module>
    likelihood_container = pkl.load(open(args.likelihood, 'rb'))
                                    ^^^^^^^^^^^^^^^^^^^^^^^^^^^
FileNotFoundError: [Errno 2] No such file or directory: 'likelihoods/accidentals/accidentals_200ty.pkl'

During handling of the above exception, another exception occurred:

Traceback (most recent call last):
  File "/global/cfs/cdirs/lz/users/rory_m/XLZD/FlameFitSimple/analyses/wimp_sensitivity/../sensitivity/run_routine_sensitivity.py", line 33, in <module>
Traceback (most recent call last):
  File "/global/cfs/cdirs/lz/users/rory_m/XLZD/FlameFitSimple/analyses/wimp_sensitivity/../sensitivity/run_routine_sensitivity.py", line 31, in <module>
Traceback (most recent call last):
  File "/global/cfs/cdirs/lz/users/rory_m/XLZD/FlameFitSimple/analyses/wimp_sensitivity/../sensitivity/run_routine_sensitivity.py", line 31, in <module>
    likelihood_container = pkl.load(open(args.likelihood, 'rb'))
                                    ^^^^^^^^^^^^^^^^^^^^^^^^^^^
FileNotFoundError: [Errno 2] No such file or directory: 'likelihoods/accidentals/accidentals_200ty.pkl'

During handling of the above exception, another exception occurred:

Traceback (most recent call last):
  File "/global/cfs/cdirs/lz/users/rory_m/XLZD/FlameFitSimple/analyses/wimp_sensitivity/../sensitivity/run_routine_sensitivity.py", line 33, in <module>
Traceback (most recent call last):
  File "/global/cfs/cdirs/lz/users/rory_m/XLZD/FlameFitSimple/analyses/wimp_sensitivity/../sensitivity/run_routine_sensitivity.py", line 31, in <module>
Traceback (most recent call last):
  File "/global/cfs/cdirs/lz/users/rory_m/XLZD/FlameFitSimple/analyses/wimp_sensitivity/../sensitivity/run_routine_sensitivity.py", line 31, in <module>
Traceback (most recent call last):
  File "/global/cfs/cdirs/lz/users/rory_m/XLZD/FlameFitSimple/analyses/wimp_sensitivity/../sensitivity/run_routine_sensitivity.py", line 31, in <module>
Traceback (most recent call last):
  File "/global/cfs/cdirs/lz/users/rory_m/XLZD/FlameFitSimple/analyses/wimp_sensitivity/../sensitivity/run_routine_sensitivity.py", line 31, in <module>
Traceback (most recent call last):
  File "/global/cfs/cdirs/lz/users/rory_m/XLZD/FlameFitSimple/analyses/wimp_sensitivity/../sensitivity/run_routine_sensitivity.py", line 31, in <module>
Traceback (most recent call last):
  File "/global/cfs/cdirs/lz/users/rory_m/XLZD/FlameFitSimple/analyses/wimp_sensitivity/../sensitivity/run_routine_sensitivity.py", line 31, in <module>
Traceback (most recent call last):
  File "/global/cfs/cdirs/lz/users/rory_m/XLZD/FlameFitSimple/analyses/wimp_sensitivity/../sensitivity/run_routine_sensitivity.py", line 31, in <module>
Traceback (most recent call last):
  File "/global/cfs/cdirs/lz/users/rory_m/XLZD/FlameFitSimple/analyses/wimp_sensitivity/../sensitivity/run_routine_sensitivity.py", line 31, in <module>
Traceback (most recent call last):
  File "/global/cfs/cdirs/lz/users/rory_m/XLZD/FlameFitSimple/analyses/wimp_sensitivity/../sensitivity/run_routine_sensitivity.py", line 31, in <module>
Traceback (most recent call last):
  File "/global/cfs/cdirs/lz/users/rory_m/XLZD/FlameFitSimple/analyses/wimp_sensitivity/../sensitivity/run_routine_sensitivity.py", line 31, in <module>
Traceback (most recent call last):
  File "/global/cfs/cdirs/lz/users/rory_m/XLZD/FlameFitSimple/analyses/wimp_sensitivity/../sensitivity/run_routine_sensitivity.py", line 31, in <module>
Traceback (most recent call last):
  File "/global/cfs/cdirs/lz/users/rory_m/XLZD/FlameFitSimple/analyses/wimp_sensitivity/../sensitivity/run_routine_sensitivity.py", line 31, in <module>
Traceback (most recent call last):
  File "/global/cfs/cdirs/lz/users/rory_m/XLZD/FlameFitSimple/analyses/wimp_sensitivity/../sensitivity/run_routine_sensitivity.py", line 31, in <module>
Traceback (most recent call last):
  File "/global/cfs/cdirs/lz/users/rory_m/XLZD/FlameFitSimple/analyses/wimp_sensitivity/../sensitivity/run_routine_sensitivity.py", line 31, in <module>
Traceback (most recent call last):
  File "/global/cfs/cdirs/lz/users/rory_m/XLZD/FlameFitSimple/analyses/wimp_sensitivity/../sensitivity/run_routine_sensitivity.py", line 31, in <module>
Traceback (most recent call last):
  File "/global/cfs/cdirs/lz/users/rory_m/XLZD/FlameFitSimple/analyses/wimp_sensitivity/../sensitivity/run_routine_sensitivity.py", line 31, in <module>
    likelihood_container = pkl.load(open(args.likelihood, 'rb'))
                                    ^^^^^^^^^^^^^^^^^^^^^^^^^^^
FileNotFoundError: [Errno 2] No such file or directory: 'likelihoods/accidentals/accidentals_200ty.pkl'

During handling of the above exception, another exception occurred:

Traceback (most recent call last):
  File "/global/cfs/cdirs/lz/users/rory_m/XLZD/FlameFitSimple/analyses/wimp_sensitivity/../sensitivity/run_routine_sensitivity.py", line 33, in <module>
Traceback (most recent call last):
  File "/global/cfs/cdirs/lz/users/rory_m/XLZD/FlameFitSimple/analyses/wimp_sensitivity/../sensitivity/run_routine_sensitivity.py", line 31, in <module>
Traceback (most recent call last):
  File "/global/cfs/cdirs/lz/users/rory_m/XLZD/FlameFitSimple/analyses/wimp_sensitivity/../sensitivity/run_routine_sensitivity.py", line 31, in <module>
    likelihood_container = pkl.load(open(args.likelihood, 'rb'))
                                    ^^^^^^^^^^^^^^^^^^^^^^^^^^^
FileNotFoundError: [Errno 2] No such file or directory: 'likelihoods/accidentals/accidentals_200ty.pkl'

During handling of the above exception, another exception occurred:

Traceback (most recent call last):
  File "/global/cfs/cdirs/lz/users/rory_m/XLZD/FlameFitSimple/analyses/wimp_sensitivity/../sensitivity/run_routine_sensitivity.py", line 33, in <module>
    likelihood_container = pkl.load(open(args.likelihood, 'rb'))
                                    ^^^^^^^^^^^^^^^^^^^^^^^^^^^
FileNotFoundError: [Errno 2] No such file or directory: 'likelihoods/accidentals/accidentals_200ty.pkl'

During handling of the above exception, another exception occurred:

Traceback (most recent call last):
  File "/global/cfs/cdirs/lz/users/rory_m/XLZD/FlameFitSimple/analyses/wimp_sensitivity/../sensitivity/run_routine_sensitivity.py", line 33, in <module>
    raise RuntimeError("Error opening likelihood container file")
RuntimeError: Error opening likelihood container file
    likelihood_container = pkl.load(open(args.likelihood, 'rb'))
                                    ^^^^^^^^^^^^^^^^^^^^^^^^^^^
FileNotFoundError: [Errno 2] No such file or directory: 'likelihoods/accidentals/accidentals_200ty.pkl'

During handling of the above exception, another exception occurred:

Traceback (most recent call last):
  File "/global/cfs/cdirs/lz/users/rory_m/XLZD/FlameFitSimple/analyses/wimp_sensitivity/../sensitivity/run_routine_sensitivity.py", line 33, in <module>
    likelihood_container = pkl.load(open(args.likelihood, 'rb'))
                                    ^^^^^^^^^^^^^^^^^^^^^^^^^^^
FileNotFoundError: [Errno 2] No such file or directory: 'likelihoods/accidentals/accidentals_200ty.pkl'

During handling of the above exception, another exception occurred:

Traceback (most recent call last):
  File "/global/cfs/cdirs/lz/users/rory_m/XLZD/FlameFitSimple/analyses/wimp_sensitivity/../sensitivity/run_routine_sensitivity.py", line 33, in <module>
Traceback (most recent call last):
  File "/global/cfs/cdirs/lz/users/rory_m/XLZD/FlameFitSimple/analyses/wimp_sensitivity/../sensitivity/run_routine_sensitivity.py", line 31, in <module>
    likelihood_container = pkl.load(open(args.likelihood, 'rb'))
                                    ^^^^^^^^^^^^^^^^^^^^^^^^^^^
FileNotFoundError: [Errno 2] No such file or directory: 'likelihoods/accidentals/accidentals_200ty.pkl'

During handling of the above exception, another exception occurred:

Traceback (most recent call last):
  File "/global/cfs/cdirs/lz/users/rory_m/XLZD/FlameFitSimple/analyses/wimp_sensitivity/../sensitivity/run_routine_sensitivity.py", line 33, in <module>
    likelihood_container = pkl.load(open(args.likelihood, 'rb'))
                                    ^^^^^^^^^^^^^^^^^^^^^^^^^^^
FileNotFoundError: [Errno 2] No such file or directory: 'likelihoods/accidentals/accidentals_200ty.pkl'

During handling of the above exception, another exception occurred:

Traceback (most recent call last):
  File "/global/cfs/cdirs/lz/users/rory_m/XLZD/FlameFitSimple/analyses/wimp_sensitivity/../sensitivity/run_routine_sensitivity.py", line 33, in <module>
    raise RuntimeError("Error opening likelihood container file")
    likelihood_container = pkl.load(open(args.likelihood, 'rb'))
                                    ^^^^^^^^^^^^^^^^^^^^^^^^^^^
FileNotFoundError: [Errno 2] No such file or directory: 'likelihoods/accidentals/accidentals_200ty.pkl'

During handling of the above exception, another exception occurred:

Traceback (most recent call last):
  File "/global/cfs/cdirs/lz/users/rory_m/XLZD/FlameFitSimple/analyses/wimp_sensitivity/../sensitivity/run_routine_sensitivity.py", line 33, in <module>
    likelihood_container = pkl.load(open(args.likelihood, 'rb'))
                                    ^^^^^^^^^^^^^^^^^^^^^^^^^^^
FileNotFoundError: [Errno 2] No such file or directory: 'likelihoods/accidentals/accidentals_200ty.pkl'

During handling of the above exception, another exception occurred:

Traceback (most recent call last):
  File "/global/cfs/cdirs/lz/users/rory_m/XLZD/FlameFitSimple/analyses/wimp_sensitivity/../sensitivity/run_routine_sensitivity.py", line 33, in <module>
    likelihood_container = pkl.load(open(args.likelihood, 'rb'))
                                    ^^^^^^^^^^^^^^^^^^^^^^^^^^^
FileNotFoundError: [Errno 2] No such file or directory: 'likelihoods/accidentals/accidentals_200ty.pkl'

During handling of the above exception, another exception occurred:

Traceback (most recent call last):
  File "/global/cfs/cdirs/lz/users/rory_m/XLZD/FlameFitSimple/analyses/wimp_sensitivity/../sensitivity/run_routine_sensitivity.py", line 33, in <module>
RuntimeError: Error opening likelihood container file
    likelihood_container = pkl.load(open(args.likelihood, 'rb'))
                                    ^^^^^^^^^^^^^^^^^^^^^^^^^^^
FileNotFoundError: [Errno 2] No such file or directory: 'likelihoods/accidentals/accidentals_200ty.pkl'

During handling of the above exception, another exception occurred:

Traceback (most recent call last):
  File "/global/cfs/cdirs/lz/users/rory_m/XLZD/FlameFitSimple/analyses/wimp_sensitivity/../sensitivity/run_routine_sensitivity.py", line 33, in <module>
    raise RuntimeError("Error opening likelihood container file")
RuntimeError: Error opening likelihood container file
    likelihood_container = pkl.load(open(args.likelihood, 'rb'))
                                    ^^^^^^^^^^^^^^^^^^^^^^^^^^^
FileNotFoundError: [Errno 2] No such file or directory: 'likelihoods/accidentals/accidentals_200ty.pkl'

During handling of the above exception, another exception occurred:

Traceback (most recent call last):
  File "/global/cfs/cdirs/lz/users/rory_m/XLZD/FlameFitSimple/analyses/wimp_sensitivity/../sensitivity/run_routine_sensitivity.py", line 33, in <module>
    likelihood_container = pkl.load(open(args.likelihood, 'rb'))
                                    ^^^^^^^^^^^^^^^^^^^^^^^^^^^
FileNotFoundError: [Errno 2] No such file or directory: 'likelihoods/accidentals/accidentals_200ty.pkl'

During handling of the above exception, another exception occurred:

Traceback (most recent call last):
  File "/global/cfs/cdirs/lz/users/rory_m/XLZD/FlameFitSimple/analyses/wimp_sensitivity/../sensitivity/run_routine_sensitivity.py", line 33, in <module>
    likelihood_container = pkl.load(open(args.likelihood, 'rb'))
                                    ^^^^^^^^^^^^^^^^^^^^^^^^^^^
FileNotFoundError: [Errno 2] No such file or directory: 'likelihoods/accidentals/accidentals_200ty.pkl'

During handling of the above exception, another exception occurred:

Traceback (most recent call last):
  File "/global/cfs/cdirs/lz/users/rory_m/XLZD/FlameFitSimple/analyses/wimp_sensitivity/../sensitivity/run_routine_sensitivity.py", line 33, in <module>
    likelihood_container = pkl.load(open(args.likelihood, 'rb'))
                                    ^^^^^^^^^^^^^^^^^^^^^^^^^^^
FileNotFoundError: [Errno 2] No such file or directory: 'likelihoods/accidentals/accidentals_200ty.pkl'

During handling of the above exception, another exception occurred:

Traceback (most recent call last):
    likelihood_container = pkl.load(open(args.likelihood, 'rb'))
                                    ^^^^^^^^^^^^^^^^^^^^^^^^^^^
FileNotFoundError: [Errno 2] No such file or directory: 'likelihoods/accidentals/accidentals_200ty.pkl'

During handling of the above exception, another exception occurred:

Traceback (most recent call last):
  File "/global/cfs/cdirs/lz/users/rory_m/XLZD/FlameFitSimple/analyses/wimp_sensitivity/../sensitivity/run_routine_sensitivity.py", line 33, in <module>
    likelihood_container = pkl.load(open(args.likelihood, 'rb'))
                                    ^^^^^^^^^^^^^^^^^^^^^^^^^^^
FileNotFoundError: [Errno 2] No such file or directory: 'likelihoods/accidentals/accidentals_200ty.pkl'

During handling of the above exception, another exception occurred:

Traceback (most recent call last):
  File "/global/cfs/cdirs/lz/users/rory_m/XLZD/FlameFitSimple/analyses/wimp_sensitivity/../sensitivity/run_routine_sensitivity.py", line 33, in <module>
    likelihood_container = pkl.load(open(args.likelihood, 'rb'))
                                    ^^^^^^^^^^^^^^^^^^^^^^^^^^^
FileNotFoundError: [Errno 2] No such file or directory: 'likelihoods/accidentals/accidentals_200ty.pkl'

During handling of the above exception, another exception occurred:

Traceback (most recent call last):
  File "/global/cfs/cdirs/lz/users/rory_m/XLZD/FlameFitSimple/analyses/wimp_sensitivity/../sensitivity/run_routine_sensitivity.py", line 33, in <module>
    likelihood_container = pkl.load(open(args.likelihood, 'rb'))
                                    ^^^^^^^^^^^^^^^^^^^^^^^^^^^
FileNotFoundError: [Errno 2] No such file or directory: 'likelihoods/accidentals/accidentals_200ty.pkl'

During handling of the above exception, another exception occurred:

Traceback (most recent call last):
  File "/global/cfs/cdirs/lz/users/rory_m/XLZD/FlameFitSimple/analyses/wimp_sensitivity/../sensitivity/run_routine_sensitivity.py", line 33, in <module>
    likelihood_container = pkl.load(open(args.likelihood, 'rb'))
                                    ^^^^^^^^^^^^^^^^^^^^^^^^^^^
FileNotFoundError: [Errno 2] No such file or directory: 'likelihoods/accidentals/accidentals_200ty.pkl'

During handling of the above exception, another exception occurred:

Traceback (most recent call last):
  File "/global/cfs/cdirs/lz/users/rory_m/XLZD/FlameFitSimple/analyses/wimp_sensitivity/../sensitivity/run_routine_sensitivity.py", line 33, in <module>
    raise RuntimeError("Error opening likelihood container file")
RuntimeError: Error opening likelihood container file
    likelihood_container = pkl.load(open(args.likelihood, 'rb'))
                                    ^^^^^^^^^^^^^^^^^^^^^^^^^^^
FileNotFoundError: [Errno 2] No such file or directory: 'likelihoods/accidentals/accidentals_200ty.pkl'

During handling of the above exception, another exception occurred:

Traceback (most recent call last):
  File "/global/cfs/cdirs/lz/users/rory_m/XLZD/FlameFitSimple/analyses/wimp_sensitivity/../sensitivity/run_routine_sensitivity.py", line 33, in <module>
    likelihood_container = pkl.load(open(args.likelihood, 'rb'))
                                    ^^^^^^^^^^^^^^^^^^^^^^^^^^^
FileNotFoundError: [Errno 2] No such file or directory: 'likelihoods/accidentals/accidentals_200ty.pkl'

During handling of the above exception, another exception occurred:

Traceback (most recent call last):
  File "/global/cfs/cdirs/lz/users/rory_m/XLZD/FlameFitSimple/analyses/wimp_sensitivity/../sensitivity/run_routine_sensitivity.py", line 33, in <module>
    likelihood_container = pkl.load(open(args.likelihood, 'rb'))
                                    ^^^^^^^^^^^^^^^^^^^^^^^^^^^
FileNotFoundError: [Errno 2] No such file or directory: 'likelihoods/accidentals/accidentals_200ty.pkl'

During handling of the above exception, another exception occurred:

Traceback (most recent call last):
  File "/global/cfs/cdirs/lz/users/rory_m/XLZD/FlameFitSimple/analyses/wimp_sensitivity/../sensitivity/run_routine_sensitivity.py", line 33, in <module>
  File "/global/cfs/cdirs/lz/users/rory_m/XLZD/FlameFitSimple/analyses/wimp_sensitivity/../sensitivity/run_routine_sensitivity.py", line 33, in <module>
    likelihood_container = pkl.load(open(args.likelihood, 'rb'))
                                    ^^^^^^^^^^^^^^^^^^^^^^^^^^^
FileNotFoundError: [Errno 2] No such file or directory: 'likelihoods/accidentals/accidentals_200ty.pkl'

During handling of the above exception, another exception occurred:

Traceback (most recent call last):
  File "/global/cfs/cdirs/lz/users/rory_m/XLZD/FlameFitSimple/analyses/wimp_sensitivity/../sensitivity/run_routine_sensitivity.py", line 33, in <module>
    likelihood_container = pkl.load(open(args.likelihood, 'rb'))
                                    ^^^^^^^^^^^^^^^^^^^^^^^^^^^
FileNotFoundError: [Errno 2] No such file or directory: 'likelihoods/accidentals/accidentals_200ty.pkl'

During handling of the above exception, another exception occurred:

Traceback (most recent call last):
  File "/global/cfs/cdirs/lz/users/rory_m/XLZD/FlameFitSimple/analyses/wimp_sensitivity/../sensitivity/run_routine_sensitivity.py", line 33, in <module>
    likelihood_container = pkl.load(open(args.likelihood, 'rb'))
                                    ^^^^^^^^^^^^^^^^^^^^^^^^^^^
FileNotFoundError: [Errno 2] No such file or directory: 'likelihoods/accidentals/accidentals_200ty.pkl'

During handling of the above exception, another exception occurred:

Traceback (most recent call last):
  File "/global/cfs/cdirs/lz/users/rory_m/XLZD/FlameFitSimple/analyses/wimp_sensitivity/../sensitivity/run_routine_sensitivity.py", line 33, in <module>
Traceback (most recent call last):
  File "/global/cfs/cdirs/lz/users/rory_m/XLZD/FlameFitSimple/analyses/wimp_sensitivity/../sensitivity/run_routine_sensitivity.py", line 31, in <module>
    raise RuntimeError("Error opening likelihood container file")
RuntimeError: Error opening likelihood container file
    raise RuntimeError("Error opening likelihood container file")
RuntimeError: Error opening likelihood container file
    raise RuntimeError("Error opening likelihood container file")
RuntimeError: Error opening likelihood container file
    raise RuntimeError("Error opening likelihood container file")
RuntimeError: Error opening likelihood container file
    raise RuntimeError("Error opening likelihood container file")
RuntimeError: Error opening likelihood container file
    raise RuntimeError("Error opening likelihood container file")
RuntimeError: Error opening likelihood container file
    raise RuntimeError("Error opening likelihood container file")
RuntimeError: Error opening likelihood container file
    raise RuntimeError("Error opening likelihood container file")
RuntimeError: Error opening likelihood container file
    raise RuntimeError("Error opening likelihood container file")
RuntimeError: Error opening likelihood container file
    raise RuntimeError("Error opening likelihood container file")
RuntimeError: Error opening likelihood container file
    raise RuntimeError("Error opening likelihood container file")
RuntimeError: Error opening likelihood container file
    likelihood_container = pkl.load(open(args.likelihood, 'rb'))
                                    ^^^^^^^^^^^^^^^^^^^^^^^^^^^
FileNotFoundError: [Errno 2] No such file or directory: 'likelihoods/accidentals/accidentals_200ty.pkl'

During handling of the above exception, another exception occurred:

Traceback (most recent call last):
  File "/global/cfs/cdirs/lz/users/rory_m/XLZD/FlameFitSimple/analyses/wimp_sensitivity/../sensitivity/run_routine_sensitivity.py", line 33, in <module>
    raise RuntimeError("Error opening likelihood container file")
RuntimeError: Error opening likelihood container file
    raise RuntimeError("Error opening likelihood container file")
RuntimeError: Error opening likelihood container file
    likelihood_container = pkl.load(open(args.likelihood, 'rb'))
                                    ^^^^^^^^^^^^^^^^^^^^^^^^^^^
FileNotFoundError: [Errno 2] No such file or directory: 'likelihoods/accidentals/accidentals_200ty.pkl'

During handling of the above exception, another exception occurred:

    raise RuntimeError("Error opening likelihood container file")
RuntimeError: Error opening likelihood container file
    raise RuntimeError("Error opening likelihood container file")
RuntimeError: Error opening likelihood container file
    raise RuntimeError("Error opening likelihood container file")
RuntimeError: Error opening likelihood container file
    raise RuntimeError("Error opening likelihood container file")
RuntimeError: Error opening likelihood container file
    raise RuntimeError("Error opening likelihood container file")
RuntimeError: Error opening likelihood container file
    raise RuntimeError("Error opening likelihood container file")
RuntimeError: Error opening likelihood container file
Traceback (most recent call last):
  File "/global/cfs/cdirs/lz/users/rory_m/XLZD/FlameFitSimple/analyses/wimp_sensitivity/../sensitivity/run_routine_sensitivity.py", line 33, in <module>
    raise RuntimeError("Error opening likelihood container file")
RuntimeError: Error opening likelihood container file
    raise RuntimeError("Error opening likelihood container file")
RuntimeError: Error opening likelihood container file
    raise RuntimeError("Error opening likelihood container file")
RuntimeError: Error opening likelihood container file
    raise RuntimeError("Error opening likelihood container file")
RuntimeError: Error opening likelihood container file
    raise RuntimeError("Error opening likelihood container file")
RuntimeError: Error opening likelihood container file
    raise RuntimeError("Error opening likelihood container file")
RuntimeError: Error opening likelihood container file
    raise RuntimeError("Error opening likelihood container file")
RuntimeError: Error opening likelihood container file
Traceback (most recent call last):
  File "/global/cfs/cdirs/lz/users/rory_m/XLZD/FlameFitSimple/analyses/wimp_sensitivity/../sensitivity/run_routine_sensitivity.py", line 31, in <module>
Traceback (most recent call last):
  File "/global/cfs/cdirs/lz/users/rory_m/XLZD/FlameFitSimple/analyses/wimp_sensitivity/../sensitivity/run_routine_sensitivity.py", line 31, in <module>
    likelihood_container = pkl.load(open(args.likelihood, 'rb'))
                                    ^^^^^^^^^^^^^^^^^^^^^^^^^^^
FileNotFoundError: [Errno 2] No such file or directory: 'likelihoods/accidentals/accidentals_200ty.pkl'

During handling of the above exception, another exception occurred:

Traceback (most recent call last):
  File "/global/cfs/cdirs/lz/users/rory_m/XLZD/FlameFitSimple/analyses/wimp_sensitivity/../sensitivity/run_routine_sensitivity.py", line 33, in <module>
    likelihood_container = pkl.load(open(args.likelihood, 'rb'))
                                    ^^^^^^^^^^^^^^^^^^^^^^^^^^^
FileNotFoundError: [Errno 2] No such file or directory: 'likelihoods/accidentals/accidentals_200ty.pkl'

During handling of the above exception, another exception occurred:

Traceback (most recent call last):
  File "/global/cfs/cdirs/lz/users/rory_m/XLZD/FlameFitSimple/analyses/wimp_sensitivity/../sensitivity/run_routine_sensitivity.py", line 33, in <module>
    raise RuntimeError("Error opening likelihood container file")
RuntimeError: Error opening likelihood container file
    raise RuntimeError("Error opening likelihood container file")
RuntimeError: Error opening likelihood container file
Traceback (most recent call last):
  File "/global/cfs/cdirs/lz/users/rory_m/XLZD/FlameFitSimple/analyses/wimp_sensitivity/../sensitivity/run_routine_sensitivity.py", line 31, in <module>
    likelihood_container = pkl.load(open(args.likelihood, 'rb'))
                                    ^^^^^^^^^^^^^^^^^^^^^^^^^^^
FileNotFoundError: [Errno 2] No such file or directory: 'likelihoods/accidentals/accidentals_200ty.pkl'

During handling of the above exception, another exception occurred:

Traceback (most recent call last):
  File "/global/cfs/cdirs/lz/users/rory_m/XLZD/FlameFitSimple/analyses/wimp_sensitivity/../sensitivity/run_routine_sensitivity.py", line 33, in <module>
    raise RuntimeError("Error opening likelihood container file")
RuntimeError: Error opening likelihood container file
Traceback (most recent call last):
  File "/global/cfs/cdirs/lz/users/rory_m/XLZD/FlameFitSimple/analyses/wimp_sensitivity/../sensitivity/run_routine_sensitivity.py", line 31, in <module>
    likelihood_container = pkl.load(open(args.likelihood, 'rb'))
                                    ^^^^^^^^^^^^^^^^^^^^^^^^^^^
FileNotFoundError: [Errno 2] No such file or directory: 'likelihoods/accidentals/accidentals_200ty.pkl'

During handling of the above exception, another exception occurred:

Traceback (most recent call last):
  File "/global/cfs/cdirs/lz/users/rory_m/XLZD/FlameFitSimple/analyses/wimp_sensitivity/../sensitivity/run_routine_sensitivity.py", line 33, in <module>
    raise RuntimeError("Error opening likelihood container file")
RuntimeError: Error opening likelihood container file
Traceback (most recent call last):
  File "/global/cfs/cdirs/lz/users/rory_m/XLZD/FlameFitSimple/analyses/wimp_sensitivity/../sensitivity/run_routine_sensitivity.py", line 31, in <module>
    likelihood_container = pkl.load(open(args.likelihood, 'rb'))
                                    ^^^^^^^^^^^^^^^^^^^^^^^^^^^
FileNotFoundError: [Errno 2] No such file or directory: 'likelihoods/accidentals/accidentals_200ty.pkl'

During handling of the above exception, another exception occurred:

Traceback (most recent call last):
  File "/global/cfs/cdirs/lz/users/rory_m/XLZD/FlameFitSimple/analyses/wimp_sensitivity/../sensitivity/run_routine_sensitivity.py", line 33, in <module>
    raise RuntimeError("Error opening likelihood container file")
RuntimeError: Error opening likelihood container file
Traceback (most recent call last):
  File "/global/cfs/cdirs/lz/users/rory_m/XLZD/FlameFitSimple/analyses/wimp_sensitivity/../sensitivity/run_routine_sensitivity.py", line 31, in <module>
    likelihood_container = pkl.load(open(args.likelihood, 'rb'))
                                    ^^^^^^^^^^^^^^^^^^^^^^^^^^^
FileNotFoundError: [Errno 2] No such file or directory: 'likelihoods/accidentals/accidentals_200ty.pkl'

During handling of the above exception, another exception occurred:

Traceback (most recent call last):
  File "/global/cfs/cdirs/lz/users/rory_m/XLZD/FlameFitSimple/analyses/wimp_sensitivity/../sensitivity/run_routine_sensitivity.py", line 33, in <module>
    raise RuntimeError("Error opening likelihood container file")
RuntimeError: Error opening likelihood container file
Traceback (most recent call last):
  File "/global/cfs/cdirs/lz/users/rory_m/XLZD/FlameFitSimple/analyses/wimp_sensitivity/../sensitivity/run_routine_sensitivity.py", line 31, in <module>
    likelihood_container = pkl.load(open(args.likelihood, 'rb'))
                                    ^^^^^^^^^^^^^^^^^^^^^^^^^^^
FileNotFoundError: [Errno 2] No such file or directory: 'likelihoods/accidentals/accidentals_200ty.pkl'

During handling of the above exception, another exception occurred:

Traceback (most recent call last):
  File "/global/cfs/cdirs/lz/users/rory_m/XLZD/FlameFitSimple/analyses/wimp_sensitivity/../sensitivity/run_routine_sensitivity.py", line 33, in <module>
Traceback (most recent call last):
  File "/global/cfs/cdirs/lz/users/rory_m/XLZD/FlameFitSimple/analyses/wimp_sensitivity/../sensitivity/run_routine_sensitivity.py", line 31, in <module>
Traceback (most recent call last):
  File "/global/cfs/cdirs/lz/users/rory_m/XLZD/FlameFitSimple/analyses/wimp_sensitivity/../sensitivity/run_routine_sensitivity.py", line 31, in <module>
    raise RuntimeError("Error opening likelihood container file")
RuntimeError: Error opening likelihood container file
    likelihood_container = pkl.load(open(args.likelihood, 'rb'))
                                    ^^^^^^^^^^^^^^^^^^^^^^^^^^^
FileNotFoundError: [Errno 2] No such file or directory: 'likelihoods/accidentals/accidentals_200ty.pkl'

During handling of the above exception, another exception occurred:

Traceback (most recent call last):
  File "/global/cfs/cdirs/lz/users/rory_m/XLZD/FlameFitSimple/analyses/wimp_sensitivity/../sensitivity/run_routine_sensitivity.py", line 33, in <module>
    likelihood_container = pkl.load(open(args.likelihood, 'rb'))
                                    ^^^^^^^^^^^^^^^^^^^^^^^^^^^
FileNotFoundError: [Errno 2] No such file or directory: 'likelihoods/accidentals/accidentals_200ty.pkl'

During handling of the above exception, another exception occurred:

Traceback (most recent call last):
  File "/global/cfs/cdirs/lz/users/rory_m/XLZD/FlameFitSimple/analyses/wimp_sensitivity/../sensitivity/run_routine_sensitivity.py", line 33, in <module>
    raise RuntimeError("Error opening likelihood container file")
RuntimeError: Error opening likelihood container file
    raise RuntimeError("Error opening likelihood container file")
RuntimeError: Error opening likelihood container file
Traceback (most recent call last):
  File "/global/cfs/cdirs/lz/users/rory_m/XLZD/FlameFitSimple/analyses/wimp_sensitivity/../sensitivity/run_routine_sensitivity.py", line 31, in <module>
Traceback (most recent call last):
  File "/global/cfs/cdirs/lz/users/rory_m/XLZD/FlameFitSimple/analyses/wimp_sensitivity/../sensitivity/run_routine_sensitivity.py", line 31, in <module>
    likelihood_container = pkl.load(open(args.likelihood, 'rb'))
                                    ^^^^^^^^^^^^^^^^^^^^^^^^^^^
FileNotFoundError: [Errno 2] No such file or directory: 'likelihoods/accidentals/accidentals_200ty.pkl'

During handling of the above exception, another exception occurred:

Traceback (most recent call last):
  File "/global/cfs/cdirs/lz/users/rory_m/XLZD/FlameFitSimple/analyses/wimp_sensitivity/../sensitivity/run_routine_sensitivity.py", line 33, in <module>
Traceback (most recent call last):
  File "/global/cfs/cdirs/lz/users/rory_m/XLZD/FlameFitSimple/analyses/wimp_sensitivity/../sensitivity/run_routine_sensitivity.py", line 31, in <module>
    likelihood_container = pkl.load(open(args.likelihood, 'rb'))
                                    ^^^^^^^^^^^^^^^^^^^^^^^^^^^
FileNotFoundError: [Errno 2] No such file or directory: 'likelihoods/accidentals/accidentals_200ty.pkl'

During handling of the above exception, another exception occurred:

Traceback (most recent call last):
  File "/global/cfs/cdirs/lz/users/rory_m/XLZD/FlameFitSimple/analyses/wimp_sensitivity/../sensitivity/run_routine_sensitivity.py", line 33, in <module>
    raise RuntimeError("Error opening likelihood container file")
RuntimeError: Error opening likelihood container file
    likelihood_container = pkl.load(open(args.likelihood, 'rb'))
                                    ^^^^^^^^^^^^^^^^^^^^^^^^^^^
FileNotFoundError: [Errno 2] No such file or directory: 'likelihoods/accidentals/accidentals_200ty.pkl'

During handling of the above exception, another exception occurred:

Traceback (most recent call last):
  File "/global/cfs/cdirs/lz/users/rory_m/XLZD/FlameFitSimple/analyses/wimp_sensitivity/../sensitivity/run_routine_sensitivity.py", line 33, in <module>
    raise RuntimeError("Error opening likelihood container file")
RuntimeError: Error opening likelihood container file
    raise RuntimeError("Error opening likelihood container file")
RuntimeError: Error opening likelihood container file
Traceback (most recent call last):
  File "/global/cfs/cdirs/lz/users/rory_m/XLZD/FlameFitSimple/analyses/wimp_sensitivity/../sensitivity/run_routine_sensitivity.py", line 31, in <module>
Traceback (most recent call last):
  File "/global/cfs/cdirs/lz/users/rory_m/XLZD/FlameFitSimple/analyses/wimp_sensitivity/../sensitivity/run_routine_sensitivity.py", line 31, in <module>
Traceback (most recent call last):
  File "/global/cfs/cdirs/lz/users/rory_m/XLZD/FlameFitSimple/analyses/wimp_sensitivity/../sensitivity/run_routine_sensitivity.py", line 31, in <module>
Traceback (most recent call last):
  File "/global/cfs/cdirs/lz/users/rory_m/XLZD/FlameFitSimple/analyses/wimp_sensitivity/../sensitivity/run_routine_sensitivity.py", line 31, in <module>
    likelihood_container = pkl.load(open(args.likelihood, 'rb'))
                                    ^^^^^^^^^^^^^^^^^^^^^^^^^^^
FileNotFoundError: [Errno 2] No such file or directory: 'likelihoods/accidentals/accidentals_200ty.pkl'

During handling of the above exception, another exception occurred:

Traceback (most recent call last):
  File "/global/cfs/cdirs/lz/users/rory_m/XLZD/FlameFitSimple/analyses/wimp_sensitivity/../sensitivity/run_routine_sensitivity.py", line 33, in <module>
    likelihood_container = pkl.load(open(args.likelihood, 'rb'))
                                    ^^^^^^^^^^^^^^^^^^^^^^^^^^^
FileNotFoundError: [Errno 2] No such file or directory: 'likelihoods/accidentals/accidentals_200ty.pkl'

During handling of the above exception, another exception occurred:

Traceback (most recent call last):
  File "/global/cfs/cdirs/lz/users/rory_m/XLZD/FlameFitSimple/analyses/wimp_sensitivity/../sensitivity/run_routine_sensitivity.py", line 33, in <module>
    likelihood_container = pkl.load(open(args.likelihood, 'rb'))
                                    ^^^^^^^^^^^^^^^^^^^^^^^^^^^
FileNotFoundError: [Errno 2] No such file or directory: 'likelihoods/accidentals/accidentals_200ty.pkl'

During handling of the above exception, another exception occurred:

    likelihood_container = pkl.load(open(args.likelihood, 'rb'))
                                    ^^^^^^^^^^^^^^^^^^^^^^^^^^^
FileNotFoundError: [Errno 2] No such file or directory: 'likelihoods/accidentals/accidentals_200ty.pkl'

During handling of the above exception, another exception occurred:

Traceback (most recent call last):
  File "/global/cfs/cdirs/lz/users/rory_m/XLZD/FlameFitSimple/analyses/wimp_sensitivity/../sensitivity/run_routine_sensitivity.py", line 33, in <module>
Traceback (most recent call last):
  File "/global/cfs/cdirs/lz/users/rory_m/XLZD/FlameFitSimple/analyses/wimp_sensitivity/../sensitivity/run_routine_sensitivity.py", line 33, in <module>
    raise RuntimeError("Error opening likelihood container file")
RuntimeError: Error opening likelihood container file
Traceback (most recent call last):
  File "/global/cfs/cdirs/lz/users/rory_m/XLZD/FlameFitSimple/analyses/wimp_sensitivity/../sensitivity/run_routine_sensitivity.py", line 31, in <module>
    raise RuntimeError("Error opening likelihood container file")
RuntimeError: Error opening likelihood container file
    raise RuntimeError("Error opening likelihood container file")
RuntimeError: Error opening likelihood container file
    raise RuntimeError("Error opening likelihood container file")
RuntimeError: Error opening likelihood container file
    likelihood_container = pkl.load(open(args.likelihood, 'rb'))
                                    ^^^^^^^^^^^^^^^^^^^^^^^^^^^
FileNotFoundError: [Errno 2] No such file or directory: 'likelihoods/accidentals/accidentals_200ty.pkl'

During handling of the above exception, another exception occurred:

Traceback (most recent call last):
  File "/global/cfs/cdirs/lz/users/rory_m/XLZD/FlameFitSimple/analyses/wimp_sensitivity/../sensitivity/run_routine_sensitivity.py", line 33, in <module>
    raise RuntimeError("Error opening likelihood container file")
RuntimeError: Error opening likelihood container file
Traceback (most recent call last):
  File "/global/cfs/cdirs/lz/users/rory_m/XLZD/FlameFitSimple/analyses/wimp_sensitivity/../sensitivity/run_routine_sensitivity.py", line 31, in <module>
    likelihood_container = pkl.load(open(args.likelihood, 'rb'))
                                    ^^^^^^^^^^^^^^^^^^^^^^^^^^^
FileNotFoundError: [Errno 2] No such file or directory: 'likelihoods/accidentals/accidentals_200ty.pkl'

During handling of the above exception, another exception occurred:

Traceback (most recent call last):
  File "/global/cfs/cdirs/lz/users/rory_m/XLZD/FlameFitSimple/analyses/wimp_sensitivity/../sensitivity/run_routine_sensitivity.py", line 33, in <module>
Traceback (most recent call last):
  File "/global/cfs/cdirs/lz/users/rory_m/XLZD/FlameFitSimple/analyses/wimp_sensitivity/../sensitivity/run_routine_sensitivity.py", line 31, in <module>
    raise RuntimeError("Error opening likelihood container file")
RuntimeError: Error opening likelihood container file
    likelihood_container = pkl.load(open(args.likelihood, 'rb'))
                                    ^^^^^^^^^^^^^^^^^^^^^^^^^^^
FileNotFoundError: [Errno 2] No such file or directory: 'likelihoods/accidentals/accidentals_200ty.pkl'

During handling of the above exception, another exception occurred:

Traceback (most recent call last):
  File "/global/cfs/cdirs/lz/users/rory_m/XLZD/FlameFitSimple/analyses/wimp_sensitivity/../sensitivity/run_routine_sensitivity.py", line 33, in <module>
    raise RuntimeError("Error opening likelihood container file")
RuntimeError: Error opening likelihood container file
Traceback (most recent call last):
  File "/global/cfs/cdirs/lz/users/rory_m/XLZD/FlameFitSimple/analyses/wimp_sensitivity/../sensitivity/run_routine_sensitivity.py", line 31, in <module>
    likelihood_container = pkl.load(open(args.likelihood, 'rb'))
                                    ^^^^^^^^^^^^^^^^^^^^^^^^^^^
FileNotFoundError: [Errno 2] No such file or directory: 'likelihoods/accidentals/accidentals_200ty.pkl'

During handling of the above exception, another exception occurred:

Traceback (most recent call last):
  File "/global/cfs/cdirs/lz/users/rory_m/XLZD/FlameFitSimple/analyses/wimp_sensitivity/../sensitivity/run_routine_sensitivity.py", line 33, in <module>
    raise RuntimeError("Error opening likelihood container file")
RuntimeError: Error opening likelihood container file
Traceback (most recent call last):
  File "/global/cfs/cdirs/lz/users/rory_m/XLZD/FlameFitSimple/analyses/wimp_sensitivity/../sensitivity/run_routine_sensitivity.py", line 31, in <module>
Traceback (most recent call last):
  File "/global/cfs/cdirs/lz/users/rory_m/XLZD/FlameFitSimple/analyses/wimp_sensitivity/../sensitivity/run_routine_sensitivity.py", line 31, in <module>
    likelihood_container = pkl.load(open(args.likelihood, 'rb'))
                                    ^^^^^^^^^^^^^^^^^^^^^^^^^^^
FileNotFoundError: [Errno 2] No such file or directory: 'likelihoods/accidentals/accidentals_200ty.pkl'

During handling of the above exception, another exception occurred:

Traceback (most recent call last):
  File "/global/cfs/cdirs/lz/users/rory_m/XLZD/FlameFitSimple/analyses/wimp_sensitivity/../sensitivity/run_routine_sensitivity.py", line 33, in <module>
    likelihood_container = pkl.load(open(args.likelihood, 'rb'))
                                    ^^^^^^^^^^^^^^^^^^^^^^^^^^^
FileNotFoundError: [Errno 2] No such file or directory: 'likelihoods/accidentals/accidentals_200ty.pkl'

During handling of the above exception, another exception occurred:

Traceback (most recent call last):
  File "/global/cfs/cdirs/lz/users/rory_m/XLZD/FlameFitSimple/analyses/wimp_sensitivity/../sensitivity/run_routine_sensitivity.py", line 33, in <module>
Traceback (most recent call last):
  File "/global/cfs/cdirs/lz/users/rory_m/XLZD/FlameFitSimple/analyses/wimp_sensitivity/../sensitivity/run_routine_sensitivity.py", line 31, in <module>
    raise RuntimeError("Error opening likelihood container file")
RuntimeError: Error opening likelihood container file
    raise RuntimeError("Error opening likelihood container file")
RuntimeError: Error opening likelihood container file
    likelihood_container = pkl.load(open(args.likelihood, 'rb'))
                                    ^^^^^^^^^^^^^^^^^^^^^^^^^^^
FileNotFoundError: [Errno 2] No such file or directory: 'likelihoods/accidentals/accidentals_200ty.pkl'

During handling of the above exception, another exception occurred:

Traceback (most recent call last):
  File "/global/cfs/cdirs/lz/users/rory_m/XLZD/FlameFitSimple/analyses/wimp_sensitivity/../sensitivity/run_routine_sensitivity.py", line 33, in <module>
Traceback (most recent call last):
  File "/global/cfs/cdirs/lz/users/rory_m/XLZD/FlameFitSimple/analyses/wimp_sensitivity/../sensitivity/run_routine_sensitivity.py", line 31, in <module>
    raise RuntimeError("Error opening likelihood container file")
RuntimeError: Error opening likelihood container file
    likelihood_container = pkl.load(open(args.likelihood, 'rb'))
                                    ^^^^^^^^^^^^^^^^^^^^^^^^^^^
FileNotFoundError: [Errno 2] No such file or directory: 'likelihoods/accidentals/accidentals_200ty.pkl'

During handling of the above exception, another exception occurred:

Traceback (most recent call last):
  File "/global/cfs/cdirs/lz/users/rory_m/XLZD/FlameFitSimple/analyses/wimp_sensitivity/../sensitivity/run_routine_sensitivity.py", line 33, in <module>
    raise RuntimeError("Error opening likelihood container file")
RuntimeError: Error opening likelihood container file
Traceback (most recent call last):
  File "/global/cfs/cdirs/lz/users/rory_m/XLZD/FlameFitSimple/analyses/wimp_sensitivity/../sensitivity/run_routine_sensitivity.py", line 31, in <module>
    likelihood_container = pkl.load(open(args.likelihood, 'rb'))
                                    ^^^^^^^^^^^^^^^^^^^^^^^^^^^
FileNotFoundError: [Errno 2] No such file or directory: 'likelihoods/accidentals/accidentals_200ty.pkl'

During handling of the above exception, another exception occurred:

Traceback (most recent call last):
  File "/global/cfs/cdirs/lz/users/rory_m/XLZD/FlameFitSimple/analyses/wimp_sensitivity/../sensitivity/run_routine_sensitivity.py", line 33, in <module>
    raise RuntimeError("Error opening likelihood container file")
RuntimeError: Error opening likelihood container file
Traceback (most recent call last):
  File "/global/cfs/cdirs/lz/users/rory_m/XLZD/FlameFitSimple/analyses/wimp_sensitivity/../sensitivity/run_routine_sensitivity.py", line 31, in <module>
    likelihood_container = pkl.load(open(args.likelihood, 'rb'))
                                    ^^^^^^^^^^^^^^^^^^^^^^^^^^^
FileNotFoundError: [Errno 2] No such file or directory: 'likelihoods/accidentals/accidentals_200ty.pkl'

During handling of the above exception, another exception occurred:

Traceback (most recent call last):
  File "/global/cfs/cdirs/lz/users/rory_m/XLZD/FlameFitSimple/analyses/wimp_sensitivity/../sensitivity/run_routine_sensitivity.py", line 33, in <module>
    raise RuntimeError("Error opening likelihood container file")
RuntimeError: Error opening likelihood container file
Traceback (most recent call last):
  File "/global/cfs/cdirs/lz/users/rory_m/XLZD/FlameFitSimple/analyses/wimp_sensitivity/../sensitivity/run_routine_sensitivity.py", line 31, in <module>
Traceback (most recent call last):
  File "/global/cfs/cdirs/lz/users/rory_m/XLZD/FlameFitSimple/analyses/wimp_sensitivity/../sensitivity/run_routine_sensitivity.py", line 31, in <module>
    likelihood_container = pkl.load(open(args.likelihood, 'rb'))
                                    ^^^^^^^^^^^^^^^^^^^^^^^^^^^
FileNotFoundError: [Errno 2] No such file or directory: 'likelihoods/accidentals/accidentals_200ty.pkl'

During handling of the above exception, another exception occurred:

Traceback (most recent call last):
  File "/global/cfs/cdirs/lz/users/rory_m/XLZD/FlameFitSimple/analyses/wimp_sensitivity/../sensitivity/run_routine_sensitivity.py", line 33, in <module>
    likelihood_container = pkl.load(open(args.likelihood, 'rb'))
                                    ^^^^^^^^^^^^^^^^^^^^^^^^^^^
FileNotFoundError: [Errno 2] No such file or directory: 'likelihoods/accidentals/accidentals_200ty.pkl'

During handling of the above exception, another exception occurred:

Traceback (most recent call last):
  File "/global/cfs/cdirs/lz/users/rory_m/XLZD/FlameFitSimple/analyses/wimp_sensitivity/../sensitivity/run_routine_sensitivity.py", line 33, in <module>
    raise RuntimeError("Error opening likelihood container file")
Traceback (most recent call last):
  File "/global/cfs/cdirs/lz/users/rory_m/XLZD/FlameFitSimple/analyses/wimp_sensitivity/../sensitivity/run_routine_sensitivity.py", line 31, in <module>
RuntimeError: Error opening likelihood container file
    raise RuntimeError("Error opening likelihood container file")
RuntimeError: Error opening likelihood container file
    likelihood_container = pkl.load(open(args.likelihood, 'rb'))
                                    ^^^^^^^^^^^^^^^^^^^^^^^^^^^
FileNotFoundError: [Errno 2] No such file or directory: 'likelihoods/accidentals/accidentals_200ty.pkl'

During handling of the above exception, another exception occurred:

Traceback (most recent call last):
  File "/global/cfs/cdirs/lz/users/rory_m/XLZD/FlameFitSimple/analyses/wimp_sensitivity/../sensitivity/run_routine_sensitivity.py", line 33, in <module>
    raise RuntimeError("Error opening likelihood container file")
RuntimeError: Error opening likelihood container file
Traceback (most recent call last):
  File "/global/cfs/cdirs/lz/users/rory_m/XLZD/FlameFitSimple/analyses/wimp_sensitivity/../sensitivity/run_routine_sensitivity.py", line 31, in <module>
Traceback (most recent call last):
  File "/global/cfs/cdirs/lz/users/rory_m/XLZD/FlameFitSimple/analyses/wimp_sensitivity/../sensitivity/run_routine_sensitivity.py", line 31, in <module>
    likelihood_container = pkl.load(open(args.likelihood, 'rb'))
                                    ^^^^^^^^^^^^^^^^^^^^^^^^^^^
FileNotFoundError: [Errno 2] No such file or directory: 'likelihoods/accidentals/accidentals_200ty.pkl'

During handling of the above exception, another exception occurred:

Traceback (most recent call last):
  File "/global/cfs/cdirs/lz/users/rory_m/XLZD/FlameFitSimple/analyses/wimp_sensitivity/../sensitivity/run_routine_sensitivity.py", line 33, in <module>
    likelihood_container = pkl.load(open(args.likelihood, 'rb'))
                                    ^^^^^^^^^^^^^^^^^^^^^^^^^^^
FileNotFoundError: [Errno 2] No such file or directory: 'likelihoods/accidentals/accidentals_200ty.pkl'

During handling of the above exception, another exception occurred:

Traceback (most recent call last):
  File "/global/cfs/cdirs/lz/users/rory_m/XLZD/FlameFitSimple/analyses/wimp_sensitivity/../sensitivity/run_routine_sensitivity.py", line 33, in <module>
    raise RuntimeError("Error opening likelihood container file")
RuntimeError: Error opening likelihood container file
    raise RuntimeError("Error opening likelihood container file")
RuntimeError: Error opening likelihood container file
Traceback (most recent call last):
  File "/global/cfs/cdirs/lz/users/rory_m/XLZD/FlameFitSimple/analyses/wimp_sensitivity/../sensitivity/run_routine_sensitivity.py", line 31, in <module>
    likelihood_container = pkl.load(open(args.likelihood, 'rb'))
                                    ^^^^^^^^^^^^^^^^^^^^^^^^^^^
FileNotFoundError: [Errno 2] No such file or directory: 'likelihoods/accidentals/accidentals_200ty.pkl'

During handling of the above exception, another exception occurred:

Traceback (most recent call last):
  File "/global/cfs/cdirs/lz/users/rory_m/XLZD/FlameFitSimple/analyses/wimp_sensitivity/../sensitivity/run_routine_sensitivity.py", line 33, in <module>
Traceback (most recent call last):
  File "/global/cfs/cdirs/lz/users/rory_m/XLZD/FlameFitSimple/analyses/wimp_sensitivity/../sensitivity/run_routine_sensitivity.py", line 31, in <module>
    raise RuntimeError("Error opening likelihood container file")
RuntimeError: Error opening likelihood container file
    likelihood_container = pkl.load(open(args.likelihood, 'rb'))
                                    ^^^^^^^^^^^^^^^^^^^^^^^^^^^
FileNotFoundError: [Errno 2] No such file or directory: 'likelihoods/accidentals/accidentals_200ty.pkl'

During handling of the above exception, another exception occurred:

Traceback (most recent call last):
  File "/global/cfs/cdirs/lz/users/rory_m/XLZD/FlameFitSimple/analyses/wimp_sensitivity/../sensitivity/run_routine_sensitivity.py", line 33, in <module>
    raise RuntimeError("Error opening likelihood container file")
RuntimeError: Error opening likelihood container file
Traceback (most recent call last):
  File "/global/cfs/cdirs/lz/users/rory_m/XLZD/FlameFitSimple/analyses/wimp_sensitivity/../sensitivity/run_routine_sensitivity.py", line 31, in <module>
Traceback (most recent call last):
  File "/global/cfs/cdirs/lz/users/rory_m/XLZD/FlameFitSimple/analyses/wimp_sensitivity/../sensitivity/run_routine_sensitivity.py", line 31, in <module>
    likelihood_container = pkl.load(open(args.likelihood, 'rb'))
                                    ^^^^^^^^^^^^^^^^^^^^^^^^^^^
FileNotFoundError: [Errno 2] No such file or directory: 'likelihoods/accidentals/accidentals_200ty.pkl'

During handling of the above exception, another exception occurred:

Traceback (most recent call last):
  File "/global/cfs/cdirs/lz/users/rory_m/XLZD/FlameFitSimple/analyses/wimp_sensitivity/../sensitivity/run_routine_sensitivity.py", line 33, in <module>
    likelihood_container = pkl.load(open(args.likelihood, 'rb'))
                                    ^^^^^^^^^^^^^^^^^^^^^^^^^^^
FileNotFoundError: [Errno 2] No such file or directory: 'likelihoods/accidentals/accidentals_200ty.pkl'

During handling of the above exception, another exception occurred:

Traceback (most recent call last):
  File "/global/cfs/cdirs/lz/users/rory_m/XLZD/FlameFitSimple/analyses/wimp_sensitivity/../sensitivity/run_routine_sensitivity.py", line 33, in <module>
    raise RuntimeError("Error opening likelihood container file")
RuntimeError: Error opening likelihood container file
    raise RuntimeError("Error opening likelihood container file")
RuntimeError: Error opening likelihood container file
Traceback (most recent call last):
  File "/global/cfs/cdirs/lz/users/rory_m/XLZD/FlameFitSimple/analyses/wimp_sensitivity/../sensitivity/run_routine_sensitivity.py", line 31, in <module>
Traceback (most recent call last):
  File "/global/cfs/cdirs/lz/users/rory_m/XLZD/FlameFitSimple/analyses/wimp_sensitivity/../sensitivity/run_routine_sensitivity.py", line 31, in <module>
    likelihood_container = pkl.load(open(args.likelihood, 'rb'))
                                    ^^^^^^^^^^^^^^^^^^^^^^^^^^^
FileNotFoundError: [Errno 2] No such file or directory: 'likelihoods/accidentals/accidentals_200ty.pkl'

During handling of the above exception, another exception occurred:

Traceback (most recent call last):
  File "/global/cfs/cdirs/lz/users/rory_m/XLZD/FlameFitSimple/analyses/wimp_sensitivity/../sensitivity/run_routine_sensitivity.py", line 33, in <module>
    likelihood_container = pkl.load(open(args.likelihood, 'rb'))
                                    ^^^^^^^^^^^^^^^^^^^^^^^^^^^
FileNotFoundError: [Errno 2] No such file or directory: 'likelihoods/accidentals/accidentals_200ty.pkl'

During handling of the above exception, another exception occurred:

Traceback (most recent call last):
  File "/global/cfs/cdirs/lz/users/rory_m/XLZD/FlameFitSimple/analyses/wimp_sensitivity/../sensitivity/run_routine_sensitivity.py", line 33, in <module>
    raise RuntimeError("Error opening likelihood container file")
RuntimeError: Error opening likelihood container file
Traceback (most recent call last):
  File "/global/cfs/cdirs/lz/users/rory_m/XLZD/FlameFitSimple/analyses/wimp_sensitivity/../sensitivity/run_routine_sensitivity.py", line 31, in <module>
    raise RuntimeError("Error opening likelihood container file")
RuntimeError: Error opening likelihood container file
Traceback (most recent call last):
  File "/global/cfs/cdirs/lz/users/rory_m/XLZD/FlameFitSimple/analyses/wimp_sensitivity/../sensitivity/run_routine_sensitivity.py", line 31, in <module>
    likelihood_container = pkl.load(open(args.likelihood, 'rb'))
                                    ^^^^^^^^^^^^^^^^^^^^^^^^^^^
FileNotFoundError: [Errno 2] No such file or directory: 'likelihoods/accidentals/accidentals_200ty.pkl'

During handling of the above exception, another exception occurred:

Traceback (most recent call last):
  File "/global/cfs/cdirs/lz/users/rory_m/XLZD/FlameFitSimple/analyses/wimp_sensitivity/../sensitivity/run_routine_sensitivity.py", line 33, in <module>
    likelihood_container = pkl.load(open(args.likelihood, 'rb'))
                                    ^^^^^^^^^^^^^^^^^^^^^^^^^^^
FileNotFoundError: [Errno 2] No such file or directory: 'likelihoods/accidentals/accidentals_200ty.pkl'

During handling of the above exception, another exception occurred:

Traceback (most recent call last):
  File "/global/cfs/cdirs/lz/users/rory_m/XLZD/FlameFitSimple/analyses/wimp_sensitivity/../sensitivity/run_routine_sensitivity.py", line 33, in <module>
Traceback (most recent call last):
  File "/global/cfs/cdirs/lz/users/rory_m/XLZD/FlameFitSimple/analyses/wimp_sensitivity/../sensitivity/run_routine_sensitivity.py", line 31, in <module>
    raise RuntimeError("Error opening likelihood container file")
RuntimeError: Error opening likelihood container file
    raise RuntimeError("Error opening likelihood container file")
RuntimeError: Error opening likelihood container file
    likelihood_container = pkl.load(open(args.likelihood, 'rb'))
                                    ^^^^^^^^^^^^^^^^^^^^^^^^^^^
FileNotFoundError: [Errno 2] No such file or directory: 'likelihoods/accidentals/accidentals_200ty.pkl'

During handling of the above exception, another exception occurred:

Traceback (most recent call last):
  File "/global/cfs/cdirs/lz/users/rory_m/XLZD/FlameFitSimple/analyses/wimp_sensitivity/../sensitivity/run_routine_sensitivity.py", line 33, in <module>
Traceback (most recent call last):
  File "/global/cfs/cdirs/lz/users/rory_m/XLZD/FlameFitSimple/analyses/wimp_sensitivity/../sensitivity/run_routine_sensitivity.py", line 31, in <module>
    raise RuntimeError("Error opening likelihood container file")
RuntimeError: Error opening likelihood container file
Traceback (most recent call last):
  File "/global/cfs/cdirs/lz/users/rory_m/XLZD/FlameFitSimple/analyses/wimp_sensitivity/../sensitivity/run_routine_sensitivity.py", line 31, in <module>
Traceback (most recent call last):
  File "/global/cfs/cdirs/lz/users/rory_m/XLZD/FlameFitSimple/analyses/wimp_sensitivity/../sensitivity/run_routine_sensitivity.py", line 31, in <module>
    likelihood_container = pkl.load(open(args.likelihood, 'rb'))
                                    ^^^^^^^^^^^^^^^^^^^^^^^^^^^
FileNotFoundError: [Errno 2] No such file or directory: 'likelihoods/accidentals/accidentals_200ty.pkl'

    likelihood_container = pkl.load(open(args.likelihood, 'rb'))
                                    ^^^^^^^^^^^^^^^^^^^^^^^^^^^
FileNotFoundError: [Errno 2] No such file or directory: 'likelihoods/accidentals/accidentals_200ty.pkl'

During handling of the above exception, another exception occurred:

Traceback (most recent call last):
  File "/global/cfs/cdirs/lz/users/rory_m/XLZD/FlameFitSimple/analyses/wimp_sensitivity/../sensitivity/run_routine_sensitivity.py", line 33, in <module>
During handling of the above exception, another exception occurred:

Traceback (most recent call last):
  File "/global/cfs/cdirs/lz/users/rory_m/XLZD/FlameFitSimple/analyses/wimp_sensitivity/../sensitivity/run_routine_sensitivity.py", line 33, in <module>
    likelihood_container = pkl.load(open(args.likelihood, 'rb'))
                                    ^^^^^^^^^^^^^^^^^^^^^^^^^^^
FileNotFoundError: [Errno 2] No such file or directory: 'likelihoods/accidentals/accidentals_200ty.pkl'

During handling of the above exception, another exception occurred:

Traceback (most recent call last):
  File "/global/cfs/cdirs/lz/users/rory_m/XLZD/FlameFitSimple/analyses/wimp_sensitivity/../sensitivity/run_routine_sensitivity.py", line 33, in <module>
Traceback (most recent call last):
  File "/global/cfs/cdirs/lz/users/rory_m/XLZD/FlameFitSimple/analyses/wimp_sensitivity/../sensitivity/run_routine_sensitivity.py", line 31, in <module>
    raise RuntimeError("Error opening likelihood container file")
RuntimeError: Error opening likelihood container file
    raise RuntimeError("Error opening likelihood container file")
RuntimeError: Error opening likelihood container file
    raise RuntimeError("Error opening likelihood container file")
RuntimeError: Error opening likelihood container file
    likelihood_container = pkl.load(open(args.likelihood, 'rb'))
                                    ^^^^^^^^^^^^^^^^^^^^^^^^^^^
FileNotFoundError: [Errno 2] No such file or directory: 'likelihoods/accidentals/accidentals_200ty.pkl'

During handling of the above exception, another exception occurred:

Traceback (most recent call last):
  File "/global/cfs/cdirs/lz/users/rory_m/XLZD/FlameFitSimple/analyses/wimp_sensitivity/../sensitivity/run_routine_sensitivity.py", line 33, in <module>
    raise RuntimeError("Error opening likelihood container file")
RuntimeError: Error opening likelihood container file
Traceback (most recent call last):
  File "/global/cfs/cdirs/lz/users/rory_m/XLZD/FlameFitSimple/analyses/wimp_sensitivity/../sensitivity/run_routine_sensitivity.py", line 31, in <module>
    likelihood_container = pkl.load(open(args.likelihood, 'rb'))
                                    ^^^^^^^^^^^^^^^^^^^^^^^^^^^
FileNotFoundError: [Errno 2] No such file or directory: 'likelihoods/accidentals/accidentals_200ty.pkl'

During handling of the above exception, another exception occurred:

Traceback (most recent call last):
  File "/global/cfs/cdirs/lz/users/rory_m/XLZD/FlameFitSimple/analyses/wimp_sensitivity/../sensitivity/run_routine_sensitivity.py", line 33, in <module>
    raise RuntimeError("Error opening likelihood container file")
RuntimeError: Error opening likelihood container file
Traceback (most recent call last):
  File "/global/cfs/cdirs/lz/users/rory_m/XLZD/FlameFitSimple/analyses/wimp_sensitivity/../sensitivity/run_routine_sensitivity.py", line 31, in <module>
Traceback (most recent call last):
  File "/global/cfs/cdirs/lz/users/rory_m/XLZD/FlameFitSimple/analyses/wimp_sensitivity/../sensitivity/run_routine_sensitivity.py", line 31, in <module>
    likelihood_container = pkl.load(open(args.likelihood, 'rb'))
                                    ^^^^^^^^^^^^^^^^^^^^^^^^^^^
FileNotFoundError: [Errno 2] No such file or directory: 'likelihoods/accidentals/accidentals_200ty.pkl'

During handling of the above exception, another exception occurred:

Traceback (most recent call last):
  File "/global/cfs/cdirs/lz/users/rory_m/XLZD/FlameFitSimple/analyses/wimp_sensitivity/../sensitivity/run_routine_sensitivity.py", line 33, in <module>
    likelihood_container = pkl.load(open(args.likelihood, 'rb'))
                                    ^^^^^^^^^^^^^^^^^^^^^^^^^^^
FileNotFoundError: [Errno 2] No such file or directory: 'likelihoods/accidentals/accidentals_200ty.pkl'

During handling of the above exception, another exception occurred:

Traceback (most recent call last):
  File "/global/cfs/cdirs/lz/users/rory_m/XLZD/FlameFitSimple/analyses/wimp_sensitivity/../sensitivity/run_routine_sensitivity.py", line 33, in <module>
    raise RuntimeError("Error opening likelihood container file")
RuntimeError: Error opening likelihood container file
    raise RuntimeError("Error opening likelihood container file")
RuntimeError: Error opening likelihood container file
Traceback (most recent call last):
  File "/global/cfs/cdirs/lz/users/rory_m/XLZD/FlameFitSimple/analyses/wimp_sensitivity/../sensitivity/run_routine_sensitivity.py", line 31, in <module>
Traceback (most recent call last):
  File "/global/cfs/cdirs/lz/users/rory_m/XLZD/FlameFitSimple/analyses/wimp_sensitivity/../sensitivity/run_routine_sensitivity.py", line 31, in <module>
    likelihood_container = pkl.load(open(args.likelihood, 'rb'))
                                    ^^^^^^^^^^^^^^^^^^^^^^^^^^^
FileNotFoundError: [Errno 2] No such file or directory: 'likelihoods/accidentals/accidentals_200ty.pkl'

During handling of the above exception, another exception occurred:

Traceback (most recent call last):
  File "/global/cfs/cdirs/lz/users/rory_m/XLZD/FlameFitSimple/analyses/wimp_sensitivity/../sensitivity/run_routine_sensitivity.py", line 33, in <module>
    likelihood_container = pkl.load(open(args.likelihood, 'rb'))
                                    ^^^^^^^^^^^^^^^^^^^^^^^^^^^
FileNotFoundError: [Errno 2] No such file or directory: 'likelihoods/accidentals/accidentals_200ty.pkl'

During handling of the above exception, another exception occurred:

Traceback (most recent call last):
  File "/global/cfs/cdirs/lz/users/rory_m/XLZD/FlameFitSimple/analyses/wimp_sensitivity/../sensitivity/run_routine_sensitivity.py", line 33, in <module>
Traceback (most recent call last):
  File "/global/cfs/cdirs/lz/users/rory_m/XLZD/FlameFitSimple/analyses/wimp_sensitivity/../sensitivity/run_routine_sensitivity.py", line 31, in <module>
    raise RuntimeError("Error opening likelihood container file")
RuntimeError: Error opening likelihood container file
    raise RuntimeError("Error opening likelihood container file")
RuntimeError: Error opening likelihood container file
Traceback (most recent call last):
  File "/global/cfs/cdirs/lz/users/rory_m/XLZD/FlameFitSimple/analyses/wimp_sensitivity/../sensitivity/run_routine_sensitivity.py", line 31, in <module>
    likelihood_container = pkl.load(open(args.likelihood, 'rb'))
                                    ^^^^^^^^^^^^^^^^^^^^^^^^^^^
FileNotFoundError: [Errno 2] No such file or directory: 'likelihoods/accidentals/accidentals_200ty.pkl'

During handling of the above exception, another exception occurred:

Traceback (most recent call last):
  File "/global/cfs/cdirs/lz/users/rory_m/XLZD/FlameFitSimple/analyses/wimp_sensitivity/../sensitivity/run_routine_sensitivity.py", line 33, in <module>
Traceback (most recent call last):
  File "/global/cfs/cdirs/lz/users/rory_m/XLZD/FlameFitSimple/analyses/wimp_sensitivity/../sensitivity/run_routine_sensitivity.py", line 31, in <module>
    raise RuntimeError("Error opening likelihood container file")
RuntimeError: Error opening likelihood container file
    likelihood_container = pkl.load(open(args.likelihood, 'rb'))
                                    ^^^^^^^^^^^^^^^^^^^^^^^^^^^
FileNotFoundError: [Errno 2] No such file or directory: 'likelihoods/accidentals/accidentals_200ty.pkl'

During handling of the above exception, another exception occurred:

Traceback (most recent call last):
  File "/global/cfs/cdirs/lz/users/rory_m/XLZD/FlameFitSimple/analyses/wimp_sensitivity/../sensitivity/run_routine_sensitivity.py", line 33, in <module>
    likelihood_container = pkl.load(open(args.likelihood, 'rb'))
                                    ^^^^^^^^^^^^^^^^^^^^^^^^^^^
FileNotFoundError: [Errno 2] No such file or directory: 'likelihoods/accidentals/accidentals_200ty.pkl'

During handling of the above exception, another exception occurred:

Traceback (most recent call last):
  File "/global/cfs/cdirs/lz/users/rory_m/XLZD/FlameFitSimple/analyses/wimp_sensitivity/../sensitivity/run_routine_sensitivity.py", line 33, in <module>
Traceback (most recent call last):
  File "/global/cfs/cdirs/lz/users/rory_m/XLZD/FlameFitSimple/analyses/wimp_sensitivity/../sensitivity/run_routine_sensitivity.py", line 31, in <module>
    raise RuntimeError("Error opening likelihood container file")
RuntimeError: Error opening likelihood container file
    raise RuntimeError("Error opening likelihood container file")
RuntimeError: Error opening likelihood container file
    likelihood_container = pkl.load(open(args.likelihood, 'rb'))
                                    ^^^^^^^^^^^^^^^^^^^^^^^^^^^
FileNotFoundError: [Errno 2] No such file or directory: 'likelihoods/accidentals/accidentals_200ty.pkl'

During handling of the above exception, another exception occurred:

Traceback (most recent call last):
  File "/global/cfs/cdirs/lz/users/rory_m/XLZD/FlameFitSimple/analyses/wimp_sensitivity/../sensitivity/run_routine_sensitivity.py", line 33, in <module>
Traceback (most recent call last):
  File "/global/cfs/cdirs/lz/users/rory_m/XLZD/FlameFitSimple/analyses/wimp_sensitivity/../sensitivity/run_routine_sensitivity.py", line 31, in <module>
    raise RuntimeError("Error opening likelihood container file")
RuntimeError: Error opening likelihood container file
Traceback (most recent call last):
  File "/global/cfs/cdirs/lz/users/rory_m/XLZD/FlameFitSimple/analyses/wimp_sensitivity/../sensitivity/run_routine_sensitivity.py", line 31, in <module>
Traceback (most recent call last):
  File "/global/cfs/cdirs/lz/users/rory_m/XLZD/FlameFitSimple/analyses/wimp_sensitivity/../sensitivity/run_routine_sensitivity.py", line 31, in <module>
    likelihood_container = pkl.load(open(args.likelihood, 'rb'))
                                    ^^^^^^^^^^^^^^^^^^^^^^^^^^^
FileNotFoundError: [Errno 2] No such file or directory: 'likelihoods/accidentals/accidentals_200ty.pkl'

During handling of the above exception, another exception occurred:

Traceback (most recent call last):
  File "/global/cfs/cdirs/lz/users/rory_m/XLZD/FlameFitSimple/analyses/wimp_sensitivity/../sensitivity/run_routine_sensitivity.py", line 33, in <module>
    likelihood_container = pkl.load(open(args.likelihood, 'rb'))
                                    ^^^^^^^^^^^^^^^^^^^^^^^^^^^
FileNotFoundError: [Errno 2] No such file or directory: 'likelihoods/accidentals/accidentals_200ty.pkl'

During handling of the above exception, another exception occurred:

Traceback (most recent call last):
  File "/global/cfs/cdirs/lz/users/rory_m/XLZD/FlameFitSimple/analyses/wimp_sensitivity/../sensitivity/run_routine_sensitivity.py", line 33, in <module>
    likelihood_container = pkl.load(open(args.likelihood, 'rb'))
                                    ^^^^^^^^^^^^^^^^^^^^^^^^^^^
FileNotFoundError: [Errno 2] No such file or directory: 'likelihoods/accidentals/accidentals_200ty.pkl'

During handling of the above exception, another exception occurred:

Traceback (most recent call last):
  File "/global/cfs/cdirs/lz/users/rory_m/XLZD/FlameFitSimple/analyses/wimp_sensitivity/../sensitivity/run_routine_sensitivity.py", line 33, in <module>
    raise RuntimeError("Error opening likelihood container file")
RuntimeError: Error opening likelihood container file
Traceback (most recent call last):
  File "/global/cfs/cdirs/lz/users/rory_m/XLZD/FlameFitSimple/analyses/wimp_sensitivity/../sensitivity/run_routine_sensitivity.py", line 31, in <module>
    raise RuntimeError("Error opening likelihood container file")
RuntimeError: Error opening likelihood container file
    raise RuntimeError("Error opening likelihood container file")
RuntimeError: Error opening likelihood container file
    likelihood_container = pkl.load(open(args.likelihood, 'rb'))
                                    ^^^^^^^^^^^^^^^^^^^^^^^^^^^
FileNotFoundError: [Errno 2] No such file or directory: 'likelihoods/accidentals/accidentals_200ty.pkl'

During handling of the above exception, another exception occurred:

Traceback (most recent call last):
  File "/global/cfs/cdirs/lz/users/rory_m/XLZD/FlameFitSimple/analyses/wimp_sensitivity/../sensitivity/run_routine_sensitivity.py", line 33, in <module>
Traceback (most recent call last):
  File "/global/cfs/cdirs/lz/users/rory_m/XLZD/FlameFitSimple/analyses/wimp_sensitivity/../sensitivity/run_routine_sensitivity.py", line 31, in <module>
    raise RuntimeError("Error opening likelihood container file")
RuntimeError: Error opening likelihood container file
    likelihood_container = pkl.load(open(args.likelihood, 'rb'))
                                    ^^^^^^^^^^^^^^^^^^^^^^^^^^^
FileNotFoundError: [Errno 2] No such file or directory: 'likelihoods/accidentals/accidentals_200ty.pkl'

During handling of the above exception, another exception occurred:

Traceback (most recent call last):
  File "/global/cfs/cdirs/lz/users/rory_m/XLZD/FlameFitSimple/analyses/wimp_sensitivity/../sensitivity/run_routine_sensitivity.py", line 33, in <module>
Traceback (most recent call last):
  File "/global/cfs/cdirs/lz/users/rory_m/XLZD/FlameFitSimple/analyses/wimp_sensitivity/../sensitivity/run_routine_sensitivity.py", line 31, in <module>
    raise RuntimeError("Error opening likelihood container file")
RuntimeError: Error opening likelihood container file
    likelihood_container = pkl.load(open(args.likelihood, 'rb'))
                                    ^^^^^^^^^^^^^^^^^^^^^^^^^^^
FileNotFoundError: [Errno 2] No such file or directory: 'likelihoods/accidentals/accidentals_200ty.pkl'

During handling of the above exception, another exception occurred:

Traceback (most recent call last):
  File "/global/cfs/cdirs/lz/users/rory_m/XLZD/FlameFitSimple/analyses/wimp_sensitivity/../sensitivity/run_routine_sensitivity.py", line 33, in <module>
    raise RuntimeError("Error opening likelihood container file")
RuntimeError: Error opening likelihood container file
Traceback (most recent call last):
  File "/global/cfs/cdirs/lz/users/rory_m/XLZD/FlameFitSimple/analyses/wimp_sensitivity/../sensitivity/run_routine_sensitivity.py", line 31, in <module>
Traceback (most recent call last):
  File "/global/cfs/cdirs/lz/users/rory_m/XLZD/FlameFitSimple/analyses/wimp_sensitivity/../sensitivity/run_routine_sensitivity.py", line 31, in <module>
Traceback (most recent call last):
  File "/global/cfs/cdirs/lz/users/rory_m/XLZD/FlameFitSimple/analyses/wimp_sensitivity/../sensitivity/run_routine_sensitivity.py", line 31, in <module>
    likelihood_container = pkl.load(open(args.likelihood, 'rb'))
                                    ^^^^^^^^^^^^^^^^^^^^^^^^^^^
FileNotFoundError: [Errno 2] No such file or directory: 'likelihoods/accidentals/accidentals_200ty.pkl'

During handling of the above exception, another exception occurred:

Traceback (most recent call last):
  File "/global/cfs/cdirs/lz/users/rory_m/XLZD/FlameFitSimple/analyses/wimp_sensitivity/../sensitivity/run_routine_sensitivity.py", line 33, in <module>
    likelihood_container = pkl.load(open(args.likelihood, 'rb'))
                                    ^^^^^^^^^^^^^^^^^^^^^^^^^^^
FileNotFoundError: [Errno 2] No such file or directory: 'likelihoods/accidentals/accidentals_200ty.pkl'

During handling of the above exception, another exception occurred:

Traceback (most recent call last):
  File "/global/cfs/cdirs/lz/users/rory_m/XLZD/FlameFitSimple/analyses/wimp_sensitivity/../sensitivity/run_routine_sensitivity.py", line 33, in <module>
Traceback (most recent call last):
  File "/global/cfs/cdirs/lz/users/rory_m/XLZD/FlameFitSimple/analyses/wimp_sensitivity/../sensitivity/run_routine_sensitivity.py", line 31, in <module>
    likelihood_container = pkl.load(open(args.likelihood, 'rb'))
                                    ^^^^^^^^^^^^^^^^^^^^^^^^^^^
FileNotFoundError: [Errno 2] No such file or directory: 'likelihoods/accidentals/accidentals_200ty.pkl'

During handling of the above exception, another exception occurred:

Traceback (most recent call last):
  File "/global/cfs/cdirs/lz/users/rory_m/XLZD/FlameFitSimple/analyses/wimp_sensitivity/../sensitivity/run_routine_sensitivity.py", line 33, in <module>
Traceback (most recent call last):
  File "/global/cfs/cdirs/lz/users/rory_m/XLZD/FlameFitSimple/analyses/wimp_sensitivity/../sensitivity/run_routine_sensitivity.py", line 31, in <module>
    raise RuntimeError("Error opening likelihood container file")
RuntimeError: Error opening likelihood container file
    raise RuntimeError("Error opening likelihood container file")
RuntimeError: Error opening likelihood container file
    likelihood_container = pkl.load(open(args.likelihood, 'rb'))
                                    ^^^^^^^^^^^^^^^^^^^^^^^^^^^
FileNotFoundError: [Errno 2] No such file or directory: 'likelihoods/accidentals/accidentals_200ty.pkl'

During handling of the above exception, another exception occurred:

Traceback (most recent call last):
  File "/global/cfs/cdirs/lz/users/rory_m/XLZD/FlameFitSimple/analyses/wimp_sensitivity/../sensitivity/run_routine_sensitivity.py", line 33, in <module>
    raise RuntimeError("Error opening likelihood container file")
RuntimeError: Error opening likelihood container file
    likelihood_container = pkl.load(open(args.likelihood, 'rb'))
                                    ^^^^^^^^^^^^^^^^^^^^^^^^^^^
FileNotFoundError: [Errno 2] No such file or directory: 'likelihoods/accidentals/accidentals_200ty.pkl'

During handling of the above exception, another exception occurred:

Traceback (most recent call last):
  File "/global/cfs/cdirs/lz/users/rory_m/XLZD/FlameFitSimple/analyses/wimp_sensitivity/../sensitivity/run_routine_sensitivity.py", line 33, in <module>
    raise RuntimeError("Error opening likelihood container file")
RuntimeError: Error opening likelihood container file
Traceback (most recent call last):
  File "/global/cfs/cdirs/lz/users/rory_m/XLZD/FlameFitSimple/analyses/wimp_sensitivity/../sensitivity/run_routine_sensitivity.py", line 31, in <module>
Traceback (most recent call last):
  File "/global/cfs/cdirs/lz/users/rory_m/XLZD/FlameFitSimple/analyses/wimp_sensitivity/../sensitivity/run_routine_sensitivity.py", line 31, in <module>
    raise RuntimeError("Error opening likelihood container file")
RuntimeError: Error opening likelihood container file
Traceback (most recent call last):
  File "/global/cfs/cdirs/lz/users/rory_m/XLZD/FlameFitSimple/analyses/wimp_sensitivity/../sensitivity/run_routine_sensitivity.py", line 31, in <module>
    likelihood_container = pkl.load(open(args.likelihood, 'rb'))
    likelihood_container = pkl.load(open(args.likelihood, 'rb'))
                                    ^^^^^^^^^^^^^^^^^^^^^^^^^^^
FileNotFoundError: [Errno 2] No such file or directory: 'likelihoods/accidentals/accidentals_200ty.pkl'

During handling of the above exception, another exception occurred:

Traceback (most recent call last):
  File "/global/cfs/cdirs/lz/users/rory_m/XLZD/FlameFitSimple/analyses/wimp_sensitivity/../sensitivity/run_routine_sensitivity.py", line 33, in <module>
                                    ^^^^^^^^^^^^^^^^^^^^^^^^^^^
FileNotFoundError: [Errno 2] No such file or directory: 'likelihoods/accidentals/accidentals_200ty.pkl'

During handling of the above exception, another exception occurred:

Traceback (most recent call last):
  File "/global/cfs/cdirs/lz/users/rory_m/XLZD/FlameFitSimple/analyses/wimp_sensitivity/../sensitivity/run_routine_sensitivity.py", line 33, in <module>
    likelihood_container = pkl.load(open(args.likelihood, 'rb'))
                                    ^^^^^^^^^^^^^^^^^^^^^^^^^^^
FileNotFoundError: [Errno 2] No such file or directory: 'likelihoods/accidentals/accidentals_200ty.pkl'

During handling of the above exception, another exception occurred:
Traceback (most recent call last):
  File "/global/cfs/cdirs/lz/users/rory_m/XLZD/FlameFitSimple/analyses/wimp_sensitivity/../sensitivity/run_routine_sensitivity.py", line 31, in <module>

Traceback (most recent call last):
  File "/global/cfs/cdirs/lz/users/rory_m/XLZD/FlameFitSimple/analyses/wimp_sensitivity/../sensitivity/run_routine_sensitivity.py", line 33, in <module>
Traceback (most recent call last):
  File "/global/cfs/cdirs/lz/users/rory_m/XLZD/FlameFitSimple/analyses/wimp_sensitivity/../sensitivity/run_routine_sensitivity.py", line 31, in <module>
Traceback (most recent call last):
  File "/global/cfs/cdirs/lz/users/rory_m/XLZD/FlameFitSimple/analyses/wimp_sensitivity/../sensitivity/run_routine_sensitivity.py", line 31, in <module>
    raise RuntimeError("Error opening likelihood container file")
RuntimeError: Error opening likelihood container file
    raise RuntimeError("Error opening likelihood container file")
RuntimeError: Error opening likelihood container file
    likelihood_container = pkl.load(open(args.likelihood, 'rb'))
                                    ^^^^^^^^^^^^^^^^^^^^^^^^^^^
FileNotFoundError: [Errno 2] No such file or directory: 'likelihoods/accidentals/accidentals_200ty.pkl'

    likelihood_container = pkl.load(open(args.likelihood, 'rb'))
                                    ^^^^^^^^^^^^^^^^^^^^^^^^^^^
    raise RuntimeError("Error opening likelihood container file")
RuntimeError: Error opening likelihood container file
During handling of the above exception, another exception occurred:

Traceback (most recent call last):
  File "/global/cfs/cdirs/lz/users/rory_m/XLZD/FlameFitSimple/analyses/wimp_sensitivity/../sensitivity/run_routine_sensitivity.py", line 33, in <module>
FileNotFoundError: [Errno 2] No such file or directory: 'likelihoods/accidentals/accidentals_200ty.pkl'

During handling of the above exception, another exception occurred:

Traceback (most recent call last):
  File "/global/cfs/cdirs/lz/users/rory_m/XLZD/FlameFitSimple/analyses/wimp_sensitivity/../sensitivity/run_routine_sensitivity.py", line 33, in <module>
    likelihood_container = pkl.load(open(args.likelihood, 'rb'))
                                    ^^^^^^^^^^^^^^^^^^^^^^^^^^^
FileNotFoundError: [Errno 2] No such file or directory: 'likelihoods/accidentals/accidentals_200ty.pkl'

During handling of the above exception, another exception occurred:

Traceback (most recent call last):
  File "/global/cfs/cdirs/lz/users/rory_m/XLZD/FlameFitSimple/analyses/wimp_sensitivity/../sensitivity/run_routine_sensitivity.py", line 33, in <module>
    raise RuntimeError("Error opening likelihood container file")
RuntimeError: Error opening likelihood container file
    raise RuntimeError("Error opening likelihood container file")
RuntimeError: Error opening likelihood container file
    raise RuntimeError("Error opening likelihood container file")
RuntimeError: Error opening likelihood container file
srun: error: nid005433: task 37: Exited with exit code 1
srun: Terminating StepId=54346051.0
[2026-06-12T15:29:09.804] error: *** STEP 54346051.0 ON nid005433 CANCELLED AT 2026-06-12T15:29:09 DUE TO TASK FAILURE ***
srun: error: nid005433: tasks 0-36,38-99: Exited with exit code 1
