2026-06-12 09:02:22.584294: I tensorflow/core/platform/cpu_feature_guard.cc:210] This TensorFlow binary is optimized to use available CPU instructions in performance-critical operations.
To enable the following instructions: AVX2 FMA, in other operations, rebuild TensorFlow with the appropriate compiler flags.
2026-06-12 09:02:22.584297: I tensorflow/core/platform/cpu_feature_guard.cc:210] This TensorFlow binary is optimized to use available CPU instructions in performance-critical operations.
To enable the following instructions: AVX2 FMA, in other operations, rebuild TensorFlow with the appropriate compiler flags.
2026-06-12 09:02:22.584311: I tensorflow/core/platform/cpu_feature_guard.cc:210] This TensorFlow binary is optimized to use available CPU instructions in performance-critical operations.
To enable the following instructions: AVX2 FMA, in other operations, rebuild TensorFlow with the appropriate compiler flags.
2026-06-12 09:02:22.584297: I tensorflow/core/platform/cpu_feature_guard.cc:210] This TensorFlow binary is optimized to use available CPU instructions in performance-critical operations.
To enable the following instructions: AVX2 FMA, in other operations, rebuild TensorFlow with the appropriate compiler flags.
2026-06-12 09:02:22.584304: I tensorflow/core/platform/cpu_feature_guard.cc:210] This TensorFlow binary is optimized to use available CPU instructions in performance-critical operations.
To enable the following instructions: AVX2 FMA, in other operations, rebuild TensorFlow with the appropriate compiler flags.
2026-06-12 09:02:22.584305: I tensorflow/core/platform/cpu_feature_guard.cc:210] This TensorFlow binary is optimized to use available CPU instructions in performance-critical operations.
To enable the following instructions: AVX2 FMA, in other operations, rebuild TensorFlow with the appropriate compiler flags.
2026-06-12 09:02:22.584324: I tensorflow/core/platform/cpu_feature_guard.cc:210] This TensorFlow binary is optimized to use available CPU instructions in performance-critical operations.
To enable the following instructions: AVX2 FMA, in other operations, rebuild TensorFlow with the appropriate compiler flags.
2026-06-12 09:02:22.584328: I tensorflow/core/platform/cpu_feature_guard.cc:210] This TensorFlow binary is optimized to use available CPU instructions in performance-critical operations.
To enable the following instructions: AVX2 FMA, in other operations, rebuild TensorFlow with the appropriate compiler flags.
2026-06-12 09:02:22.584340: I tensorflow/core/platform/cpu_feature_guard.cc:210] This TensorFlow binary is optimized to use available CPU instructions in performance-critical operations.
To enable the following instructions: AVX2 FMA, in other operations, rebuild TensorFlow with the appropriate compiler flags.
2026-06-12 09:02:22.584311: I tensorflow/core/platform/cpu_feature_guard.cc:210] This TensorFlow binary is optimized to use available CPU instructions in performance-critical operations.
To enable the following instructions: AVX2 FMA, in other operations, rebuild TensorFlow with the appropriate compiler flags.
2026-06-12 09:02:22.584339: I tensorflow/core/platform/cpu_feature_guard.cc:210] This TensorFlow binary is optimized to use available CPU instructions in performance-critical operations.
To enable the following instructions: AVX2 FMA, in other operations, rebuild TensorFlow with the appropriate compiler flags.
2026-06-12 09:02:22.584343: I tensorflow/core/platform/cpu_feature_guard.cc:210] This TensorFlow binary is optimized to use available CPU instructions in performance-critical operations.
To enable the following instructions: AVX2 FMA, in other operations, rebuild TensorFlow with the appropriate compiler flags.
2026-06-12 09:02:22.584349: I tensorflow/core/platform/cpu_feature_guard.cc:210] This TensorFlow binary is optimized to use available CPU instructions in performance-critical operations.
To enable the following instructions: AVX2 FMA, in other operations, rebuild TensorFlow with the appropriate compiler flags.
2026-06-12 09:02:22.584339: I tensorflow/core/platform/cpu_feature_guard.cc:210] This TensorFlow binary is optimized to use available CPU instructions in performance-critical operations.
To enable the following instructions: AVX2 FMA, in other operations, rebuild TensorFlow with the appropriate compiler flags.
2026-06-12 09:02:22.584328: I tensorflow/core/platform/cpu_feature_guard.cc:210] This TensorFlow binary is optimized to use available CPU instructions in performance-critical operations.
To enable the following instructions: AVX2 FMA, in other operations, rebuild TensorFlow with the appropriate compiler flags.
2026-06-12 09:02:22.584405: I tensorflow/core/platform/cpu_feature_guard.cc:210] This TensorFlow binary is optimized to use available CPU instructions in performance-critical operations.
To enable the following instructions: AVX2 FMA, in other operations, rebuild TensorFlow with the appropriate compiler flags.
2026-06-12 09:02:22.584315: I tensorflow/core/platform/cpu_feature_guard.cc:210] This TensorFlow binary is optimized to use available CPU instructions in performance-critical operations.
To enable the following instructions: AVX2 FMA, in other operations, rebuild TensorFlow with the appropriate compiler flags.
2026-06-12 09:02:22.584428: I tensorflow/core/platform/cpu_feature_guard.cc:210] This TensorFlow binary is optimized to use available CPU instructions in performance-critical operations.
To enable the following instructions: AVX2 FMA, in other operations, rebuild TensorFlow with the appropriate compiler flags.
2026-06-12 09:02:22.584324: I tensorflow/core/platform/cpu_feature_guard.cc:210] This TensorFlow binary is optimized to use available CPU instructions in performance-critical operations.
To enable the following instructions: AVX2 FMA, in other operations, rebuild TensorFlow with the appropriate compiler flags.
2026-06-12 09:02:22.584503: I tensorflow/core/platform/cpu_feature_guard.cc:210] This TensorFlow binary is optimized to use available CPU instructions in performance-critical operations.
To enable the following instructions: AVX2 FMA, in other operations, rebuild TensorFlow with the appropriate compiler flags.
2026-06-12 09:02:22.584355: I tensorflow/core/platform/cpu_feature_guard.cc:210] This TensorFlow binary is optimized to use available CPU instructions in performance-critical operations.
To enable the following instructions: AVX2 FMA, in other operations, rebuild TensorFlow with the appropriate compiler flags.
2026-06-12 09:02:22.584528: I tensorflow/core/platform/cpu_feature_guard.cc:210] This TensorFlow binary is optimized to use available CPU instructions in performance-critical operations.
To enable the following instructions: AVX2 FMA, in other operations, rebuild TensorFlow with the appropriate compiler flags.
2026-06-12 09:02:22.584365: I tensorflow/core/platform/cpu_feature_guard.cc:210] This TensorFlow binary is optimized to use available CPU instructions in performance-critical operations.
To enable the following instructions: AVX2 FMA, in other operations, rebuild TensorFlow with the appropriate compiler flags.
2026-06-12 09:02:22.584499: I tensorflow/core/platform/cpu_feature_guard.cc:210] This TensorFlow binary is optimized to use available CPU instructions in performance-critical operations.
To enable the following instructions: AVX2 FMA, in other operations, rebuild TensorFlow with the appropriate compiler flags.
2026-06-12 09:02:22.584406: I tensorflow/core/platform/cpu_feature_guard.cc:210] This TensorFlow binary is optimized to use available CPU instructions in performance-critical operations.
To enable the following instructions: AVX2 FMA, in other operations, rebuild TensorFlow with the appropriate compiler flags.
2026-06-12 09:02:22.584353: I tensorflow/core/platform/cpu_feature_guard.cc:210] This TensorFlow binary is optimized to use available CPU instructions in performance-critical operations.
To enable the following instructions: AVX2 FMA, in other operations, rebuild TensorFlow with the appropriate compiler flags.
2026-06-12 09:02:22.584346: I tensorflow/core/platform/cpu_feature_guard.cc:210] This TensorFlow binary is optimized to use available CPU instructions in performance-critical operations.
To enable the following instructions: AVX2 FMA, in other operations, rebuild TensorFlow with the appropriate compiler flags.
2026-06-12 09:02:22.584472: I tensorflow/core/platform/cpu_feature_guard.cc:210] This TensorFlow binary is optimized to use available CPU instructions in performance-critical operations.
To enable the following instructions: AVX2 FMA, in other operations, rebuild TensorFlow with the appropriate compiler flags.
2026-06-12 09:02:22.584473: I tensorflow/core/platform/cpu_feature_guard.cc:210] This TensorFlow binary is optimized to use available CPU instructions in performance-critical operations.
To enable the following instructions: AVX2 FMA, in other operations, rebuild TensorFlow with the appropriate compiler flags.
2026-06-12 09:02:22.584401: I tensorflow/core/platform/cpu_feature_guard.cc:210] This TensorFlow binary is optimized to use available CPU instructions in performance-critical operations.
To enable the following instructions: AVX2 FMA, in other operations, rebuild TensorFlow with the appropriate compiler flags.
2026-06-12 09:02:22.584542: I tensorflow/core/platform/cpu_feature_guard.cc:210] This TensorFlow binary is optimized to use available CPU instructions in performance-critical operations.
To enable the following instructions: AVX2 FMA, in other operations, rebuild TensorFlow with the appropriate compiler flags.
2026-06-12 09:02:22.584412: I tensorflow/core/platform/cpu_feature_guard.cc:210] This TensorFlow binary is optimized to use available CPU instructions in performance-critical operations.
To enable the following instructions: AVX2 FMA, in other operations, rebuild TensorFlow with the appropriate compiler flags.
2026-06-12 09:02:22.584527: I tensorflow/core/platform/cpu_feature_guard.cc:210] This TensorFlow binary is optimized to use available CPU instructions in performance-critical operations.
To enable the following instructions: AVX2 FMA, in other operations, rebuild TensorFlow with the appropriate compiler flags.
2026-06-12 09:02:22.584373: I tensorflow/core/platform/cpu_feature_guard.cc:210] This TensorFlow binary is optimized to use available CPU instructions in performance-critical operations.
To enable the following instructions: AVX2 FMA, in other operations, rebuild TensorFlow with the appropriate compiler flags.
2026-06-12 09:02:22.584515: I tensorflow/core/platform/cpu_feature_guard.cc:210] This TensorFlow binary is optimized to use available CPU instructions in performance-critical operations.
To enable the following instructions: AVX2 FMA, in other operations, rebuild TensorFlow with the appropriate compiler flags.
2026-06-12 09:02:22.584481: I tensorflow/core/platform/cpu_feature_guard.cc:210] This TensorFlow binary is optimized to use available CPU instructions in performance-critical operations.
To enable the following instructions: AVX2 FMA, in other operations, rebuild TensorFlow with the appropriate compiler flags.
2026-06-12 09:02:22.584577: I tensorflow/core/platform/cpu_feature_guard.cc:210] This TensorFlow binary is optimized to use available CPU instructions in performance-critical operations.
To enable the following instructions: AVX2 FMA, in other operations, rebuild TensorFlow with the appropriate compiler flags.
2026-06-12 09:02:22.584565: I tensorflow/core/platform/cpu_feature_guard.cc:210] This TensorFlow binary is optimized to use available CPU instructions in performance-critical operations.
To enable the following instructions: AVX2 FMA, in other operations, rebuild TensorFlow with the appropriate compiler flags.
2026-06-12 09:02:22.584346: I tensorflow/core/platform/cpu_feature_guard.cc:210] This TensorFlow binary is optimized to use available CPU instructions in performance-critical operations.
To enable the following instructions: AVX2 FMA, in other operations, rebuild TensorFlow with the appropriate compiler flags.
2026-06-12 09:02:22.584360: I tensorflow/core/platform/cpu_feature_guard.cc:210] This TensorFlow binary is optimized to use available CPU instructions in performance-critical operations.
To enable the following instructions: AVX2 FMA, in other operations, rebuild TensorFlow with the appropriate compiler flags.
2026-06-12 09:02:22.584405: I tensorflow/core/platform/cpu_feature_guard.cc:210] This TensorFlow binary is optimized to use available CPU instructions in performance-critical operations.
To enable the following instructions: AVX2 FMA, in other operations, rebuild TensorFlow with the appropriate compiler flags.
2026-06-12 09:02:22.584383: I tensorflow/core/platform/cpu_feature_guard.cc:210] This TensorFlow binary is optimized to use available CPU instructions in performance-critical operations.
To enable the following instructions: AVX2 FMA, in other operations, rebuild TensorFlow with the appropriate compiler flags.
2026-06-12 09:02:22.584473: I tensorflow/core/platform/cpu_feature_guard.cc:210] This TensorFlow binary is optimized to use available CPU instructions in performance-critical operations.
To enable the following instructions: AVX2 FMA, in other operations, rebuild TensorFlow with the appropriate compiler flags.
2026-06-12 09:02:22.584389: I tensorflow/core/platform/cpu_feature_guard.cc:210] This TensorFlow binary is optimized to use available CPU instructions in performance-critical operations.
To enable the following instructions: AVX2 FMA, in other operations, rebuild TensorFlow with the appropriate compiler flags.
2026-06-12 09:02:22.584511: I tensorflow/core/platform/cpu_feature_guard.cc:210] This TensorFlow binary is optimized to use available CPU instructions in performance-critical operations.
To enable the following instructions: AVX2 FMA, in other operations, rebuild TensorFlow with the appropriate compiler flags.
2026-06-12 09:02:22.584496: I tensorflow/core/platform/cpu_feature_guard.cc:210] This TensorFlow binary is optimized to use available CPU instructions in performance-critical operations.
To enable the following instructions: AVX2 FMA, in other operations, rebuild TensorFlow with the appropriate compiler flags.
2026-06-12 09:02:22.584521: I tensorflow/core/platform/cpu_feature_guard.cc:210] This TensorFlow binary is optimized to use available CPU instructions in performance-critical operations.
To enable the following instructions: AVX2 FMA, in other operations, rebuild TensorFlow with the appropriate compiler flags.
2026-06-12 09:02:22.584450: I tensorflow/core/platform/cpu_feature_guard.cc:210] This TensorFlow binary is optimized to use available CPU instructions in performance-critical operations.
To enable the following instructions: AVX2 FMA, in other operations, rebuild TensorFlow with the appropriate compiler flags.
2026-06-12 09:02:22.584497: I tensorflow/core/platform/cpu_feature_guard.cc:210] This TensorFlow binary is optimized to use available CPU instructions in performance-critical operations.
To enable the following instructions: AVX2 FMA, in other operations, rebuild TensorFlow with the appropriate compiler flags.
2026-06-12 09:02:22.584429: I tensorflow/core/platform/cpu_feature_guard.cc:210] This TensorFlow binary is optimized to use available CPU instructions in performance-critical operations.
To enable the following instructions: AVX2 FMA, in other operations, rebuild TensorFlow with the appropriate compiler flags.
2026-06-12 09:02:22.584486: I tensorflow/core/platform/cpu_feature_guard.cc:210] This TensorFlow binary is optimized to use available CPU instructions in performance-critical operations.
To enable the following instructions: AVX2 FMA, in other operations, rebuild TensorFlow with the appropriate compiler flags.
2026-06-12 09:02:22.584346: I tensorflow/core/platform/cpu_feature_guard.cc:210] This TensorFlow binary is optimized to use available CPU instructions in performance-critical operations.
To enable the following instructions: AVX2 FMA, in other operations, rebuild TensorFlow with the appropriate compiler flags.
2026-06-12 09:02:22.584508: I tensorflow/core/platform/cpu_feature_guard.cc:210] This TensorFlow binary is optimized to use available CPU instructions in performance-critical operations.
To enable the following instructions: AVX2 FMA, in other operations, rebuild TensorFlow with the appropriate compiler flags.
2026-06-12 09:02:22.584404: I tensorflow/core/platform/cpu_feature_guard.cc:210] This TensorFlow binary is optimized to use available CPU instructions in performance-critical operations.
To enable the following instructions: AVX2 FMA, in other operations, rebuild TensorFlow with the appropriate compiler flags.
2026-06-12 09:02:22.584575: I tensorflow/core/platform/cpu_feature_guard.cc:210] This TensorFlow binary is optimized to use available CPU instructions in performance-critical operations.
To enable the following instructions: AVX2 FMA, in other operations, rebuild TensorFlow with the appropriate compiler flags.
2026-06-12 09:02:22.584359: I tensorflow/core/platform/cpu_feature_guard.cc:210] This TensorFlow binary is optimized to use available CPU instructions in performance-critical operations.
To enable the following instructions: AVX2 FMA, in other operations, rebuild TensorFlow with the appropriate compiler flags.
2026-06-12 09:02:22.584481: I tensorflow/core/platform/cpu_feature_guard.cc:210] This TensorFlow binary is optimized to use available CPU instructions in performance-critical operations.
To enable the following instructions: AVX2 FMA, in other operations, rebuild TensorFlow with the appropriate compiler flags.
2026-06-12 09:02:22.584529: I tensorflow/core/platform/cpu_feature_guard.cc:210] This TensorFlow binary is optimized to use available CPU instructions in performance-critical operations.
To enable the following instructions: AVX2 FMA, in other operations, rebuild TensorFlow with the appropriate compiler flags.
2026-06-12 09:02:22.584358: I tensorflow/core/platform/cpu_feature_guard.cc:210] This TensorFlow binary is optimized to use available CPU instructions in performance-critical operations.
To enable the following instructions: AVX2 FMA, in other operations, rebuild TensorFlow with the appropriate compiler flags.
2026-06-12 09:02:22.584572: I tensorflow/core/platform/cpu_feature_guard.cc:210] This TensorFlow binary is optimized to use available CPU instructions in performance-critical operations.
To enable the following instructions: AVX2 FMA, in other operations, rebuild TensorFlow with the appropriate compiler flags.
2026-06-12 09:02:22.584565: I tensorflow/core/platform/cpu_feature_guard.cc:210] This TensorFlow binary is optimized to use available CPU instructions in performance-critical operations.
To enable the following instructions: AVX2 FMA, in other operations, rebuild TensorFlow with the appropriate compiler flags.
2026-06-12 09:02:22.584471: I tensorflow/core/platform/cpu_feature_guard.cc:210] This TensorFlow binary is optimized to use available CPU instructions in performance-critical operations.
To enable the following instructions: AVX2 FMA, in other operations, rebuild TensorFlow with the appropriate compiler flags.
2026-06-12 09:02:22.584413: I tensorflow/core/platform/cpu_feature_guard.cc:210] This TensorFlow binary is optimized to use available CPU instructions in performance-critical operations.
To enable the following instructions: AVX2 FMA, in other operations, rebuild TensorFlow with the appropriate compiler flags.
2026-06-12 09:02:22.584515: I tensorflow/core/platform/cpu_feature_guard.cc:210] This TensorFlow binary is optimized to use available CPU instructions in performance-critical operations.
To enable the following instructions: AVX2 FMA, in other operations, rebuild TensorFlow with the appropriate compiler flags.
2026-06-12 09:02:22.584367: I tensorflow/core/platform/cpu_feature_guard.cc:210] This TensorFlow binary is optimized to use available CPU instructions in performance-critical operations.
To enable the following instructions: AVX2 FMA, in other operations, rebuild TensorFlow with the appropriate compiler flags.
2026-06-12 09:02:22.584574: I tensorflow/core/platform/cpu_feature_guard.cc:210] This TensorFlow binary is optimized to use available CPU instructions in performance-critical operations.
To enable the following instructions: AVX2 FMA, in other operations, rebuild TensorFlow with the appropriate compiler flags.
2026-06-12 09:02:22.584475: I tensorflow/core/platform/cpu_feature_guard.cc:210] This TensorFlow binary is optimized to use available CPU instructions in performance-critical operations.
To enable the following instructions: AVX2 FMA, in other operations, rebuild TensorFlow with the appropriate compiler flags.
2026-06-12 09:02:22.584416: I tensorflow/core/platform/cpu_feature_guard.cc:210] This TensorFlow binary is optimized to use available CPU instructions in performance-critical operations.
To enable the following instructions: AVX2 FMA, in other operations, rebuild TensorFlow with the appropriate compiler flags.
2026-06-12 09:02:22.584529: I tensorflow/core/platform/cpu_feature_guard.cc:210] This TensorFlow binary is optimized to use available CPU instructions in performance-critical operations.
To enable the following instructions: AVX2 FMA, in other operations, rebuild TensorFlow with the appropriate compiler flags.
2026-06-12 09:02:22.584564: I tensorflow/core/platform/cpu_feature_guard.cc:210] This TensorFlow binary is optimized to use available CPU instructions in performance-critical operations.
To enable the following instructions: AVX2 FMA, in other operations, rebuild TensorFlow with the appropriate compiler flags.
2026-06-12 09:02:22.584509: I tensorflow/core/platform/cpu_feature_guard.cc:210] This TensorFlow binary is optimized to use available CPU instructions in performance-critical operations.
To enable the following instructions: AVX2 FMA, in other operations, rebuild TensorFlow with the appropriate compiler flags.
2026-06-12 09:02:22.584575: I tensorflow/core/platform/cpu_feature_guard.cc:210] This TensorFlow binary is optimized to use available CPU instructions in performance-critical operations.
To enable the following instructions: AVX2 FMA, in other operations, rebuild TensorFlow with the appropriate compiler flags.
2026-06-12 09:02:22.584472: I tensorflow/core/platform/cpu_feature_guard.cc:210] This TensorFlow binary is optimized to use available CPU instructions in performance-critical operations.
To enable the following instructions: AVX2 FMA, in other operations, rebuild TensorFlow with the appropriate compiler flags.
2026-06-12 09:02:22.584466: I tensorflow/core/platform/cpu_feature_guard.cc:210] This TensorFlow binary is optimized to use available CPU instructions in performance-critical operations.
To enable the following instructions: AVX2 FMA, in other operations, rebuild TensorFlow with the appropriate compiler flags.
2026-06-12 09:02:22.584366: I tensorflow/core/platform/cpu_feature_guard.cc:210] This TensorFlow binary is optimized to use available CPU instructions in performance-critical operations.
To enable the following instructions: AVX2 FMA, in other operations, rebuild TensorFlow with the appropriate compiler flags.
2026-06-12 09:02:22.584479: I tensorflow/core/platform/cpu_feature_guard.cc:210] This TensorFlow binary is optimized to use available CPU instructions in performance-critical operations.
To enable the following instructions: AVX2 FMA, in other operations, rebuild TensorFlow with the appropriate compiler flags.
2026-06-12 09:02:22.584428: I tensorflow/core/platform/cpu_feature_guard.cc:210] This TensorFlow binary is optimized to use available CPU instructions in performance-critical operations.
To enable the following instructions: AVX2 FMA, in other operations, rebuild TensorFlow with the appropriate compiler flags.
2026-06-12 09:02:22.584361: I tensorflow/core/platform/cpu_feature_guard.cc:210] This TensorFlow binary is optimized to use available CPU instructions in performance-critical operations.
To enable the following instructions: AVX2 FMA, in other operations, rebuild TensorFlow with the appropriate compiler flags.
2026-06-12 09:02:22.584543: I tensorflow/core/platform/cpu_feature_guard.cc:210] This TensorFlow binary is optimized to use available CPU instructions in performance-critical operations.
To enable the following instructions: AVX2 FMA, in other operations, rebuild TensorFlow with the appropriate compiler flags.
2026-06-12 09:02:22.584490: I tensorflow/core/platform/cpu_feature_guard.cc:210] This TensorFlow binary is optimized to use available CPU instructions in performance-critical operations.
To enable the following instructions: AVX2 FMA, in other operations, rebuild TensorFlow with the appropriate compiler flags.
2026-06-12 09:02:22.584468: I tensorflow/core/platform/cpu_feature_guard.cc:210] This TensorFlow binary is optimized to use available CPU instructions in performance-critical operations.
To enable the following instructions: AVX2 FMA, in other operations, rebuild TensorFlow with the appropriate compiler flags.
2026-06-12 09:02:22.584414: I tensorflow/core/platform/cpu_feature_guard.cc:210] This TensorFlow binary is optimized to use available CPU instructions in performance-critical operations.
To enable the following instructions: AVX2 FMA, in other operations, rebuild TensorFlow with the appropriate compiler flags.
2026-06-12 09:02:22.584573: I tensorflow/core/platform/cpu_feature_guard.cc:210] This TensorFlow binary is optimized to use available CPU instructions in performance-critical operations.
To enable the following instructions: AVX2 FMA, in other operations, rebuild TensorFlow with the appropriate compiler flags.
2026-06-12 09:02:22.584800: I tensorflow/core/platform/cpu_feature_guard.cc:210] This TensorFlow binary is optimized to use available CPU instructions in performance-critical operations.
To enable the following instructions: AVX2 FMA, in other operations, rebuild TensorFlow with the appropriate compiler flags.
2026-06-12 09:02:22.584508: I tensorflow/core/platform/cpu_feature_guard.cc:210] This TensorFlow binary is optimized to use available CPU instructions in performance-critical operations.
To enable the following instructions: AVX2 FMA, in other operations, rebuild TensorFlow with the appropriate compiler flags.
2026-06-12 09:02:22.584517: I tensorflow/core/platform/cpu_feature_guard.cc:210] This TensorFlow binary is optimized to use available CPU instructions in performance-critical operations.
To enable the following instructions: AVX2 FMA, in other operations, rebuild TensorFlow with the appropriate compiler flags.
2026-06-12 09:02:22.584495: I tensorflow/core/platform/cpu_feature_guard.cc:210] This TensorFlow binary is optimized to use available CPU instructions in performance-critical operations.
To enable the following instructions: AVX2 FMA, in other operations, rebuild TensorFlow with the appropriate compiler flags.
2026-06-12 09:02:22.584976: I tensorflow/core/platform/cpu_feature_guard.cc:210] This TensorFlow binary is optimized to use available CPU instructions in performance-critical operations.
To enable the following instructions: AVX2 FMA, in other operations, rebuild TensorFlow with the appropriate compiler flags.
2026-06-12 09:02:22.584522: I tensorflow/core/platform/cpu_feature_guard.cc:210] This TensorFlow binary is optimized to use available CPU instructions in performance-critical operations.
To enable the following instructions: AVX2 FMA, in other operations, rebuild TensorFlow with the appropriate compiler flags.
2026-06-12 09:02:22.584552: I tensorflow/core/platform/cpu_feature_guard.cc:210] This TensorFlow binary is optimized to use available CPU instructions in performance-critical operations.
To enable the following instructions: AVX2 FMA, in other operations, rebuild TensorFlow with the appropriate compiler flags.
2026-06-12 09:02:22.584503: I tensorflow/core/platform/cpu_feature_guard.cc:210] This TensorFlow binary is optimized to use available CPU instructions in performance-critical operations.
To enable the following instructions: AVX2 FMA, in other operations, rebuild TensorFlow with the appropriate compiler flags.
2026-06-12 09:02:22.584545: I tensorflow/core/platform/cpu_feature_guard.cc:210] This TensorFlow binary is optimized to use available CPU instructions in performance-critical operations.
To enable the following instructions: AVX2 FMA, in other operations, rebuild TensorFlow with the appropriate compiler flags.
2026-06-12 09:02:22.584512: I tensorflow/core/platform/cpu_feature_guard.cc:210] This TensorFlow binary is optimized to use available CPU instructions in performance-critical operations.
To enable the following instructions: AVX2 FMA, in other operations, rebuild TensorFlow with the appropriate compiler flags.
2026-06-12 09:02:22.584538: I tensorflow/core/platform/cpu_feature_guard.cc:210] This TensorFlow binary is optimized to use available CPU instructions in performance-critical operations.
To enable the following instructions: AVX2 FMA, in other operations, rebuild TensorFlow with the appropriate compiler flags.
2026-06-12 09:02:22.584523: I tensorflow/core/platform/cpu_feature_guard.cc:210] This TensorFlow binary is optimized to use available CPU instructions in performance-critical operations.
To enable the following instructions: AVX2 FMA, in other operations, rebuild TensorFlow with the appropriate compiler flags.
2026-06-12 09:02:22.584587: I tensorflow/core/platform/cpu_feature_guard.cc:210] This TensorFlow binary is optimized to use available CPU instructions in performance-critical operations.
To enable the following instructions: AVX2 FMA, in other operations, rebuild TensorFlow with the appropriate compiler flags.
2026-06-12 09:02:22.585104: I tensorflow/core/platform/cpu_feature_guard.cc:210] This TensorFlow binary is optimized to use available CPU instructions in performance-critical operations.
To enable the following instructions: AVX2 FMA, in other operations, rebuild TensorFlow with the appropriate compiler flags.
2026-06-12 09:02:22.585388: I tensorflow/core/platform/cpu_feature_guard.cc:210] This TensorFlow binary is optimized to use available CPU instructions in performance-critical operations.
To enable the following instructions: AVX2 FMA, in other operations, rebuild TensorFlow with the appropriate compiler flags.
2026-06-12 09:02:22.585472: I tensorflow/core/platform/cpu_feature_guard.cc:210] This TensorFlow binary is optimized to use available CPU instructions in performance-critical operations.
To enable the following instructions: AVX2 FMA, in other operations, rebuild TensorFlow with the appropriate compiler flags.
2026-06-12 09:02:22.585623: I tensorflow/core/platform/cpu_feature_guard.cc:210] This TensorFlow binary is optimized to use available CPU instructions in performance-critical operations.
To enable the following instructions: AVX2 FMA, in other operations, rebuild TensorFlow with the appropriate compiler flags.
/global/cfs/cdirs/lz/users/rory_m/.conda/envs/flamedisx_revamped/lib/python3.11/site-packages/wimprates/__init__.py:6: UserWarning: Default WIMP parameters are changed in accordance with https://arxiv.org/abs/2105.00599 (github.com/JelleAalbers/wimprates/pull/14)
  warnings.warn(
/global/cfs/cdirs/lz/users/rory_m/.conda/envs/flamedisx_revamped/lib/python3.11/site-packages/wimprates/__init__.py:6: UserWarning: Default WIMP parameters are changed in accordance with https://arxiv.org/abs/2105.00599 (github.com/JelleAalbers/wimprates/pull/14)
  warnings.warn(
/global/cfs/cdirs/lz/users/rory_m/.conda/envs/flamedisx_revamped/lib/python3.11/site-packages/wimprates/__init__.py:6: UserWarning: Default WIMP parameters are changed in accordance with https://arxiv.org/abs/2105.00599 (github.com/JelleAalbers/wimprates/pull/14)
  warnings.warn(
/global/cfs/cdirs/lz/users/rory_m/.conda/envs/flamedisx_revamped/lib/python3.11/site-packages/wimprates/__init__.py:6: UserWarning: Default WIMP parameters are changed in accordance with https://arxiv.org/abs/2105.00599 (github.com/JelleAalbers/wimprates/pull/14)
  warnings.warn(
/global/cfs/cdirs/lz/users/rory_m/.conda/envs/flamedisx_revamped/lib/python3.11/site-packages/wimprates/__init__.py:6: UserWarning: Default WIMP parameters are changed in accordance with https://arxiv.org/abs/2105.00599 (github.com/JelleAalbers/wimprates/pull/14)
  warnings.warn(
/global/cfs/cdirs/lz/users/rory_m/.conda/envs/flamedisx_revamped/lib/python3.11/site-packages/wimprates/__init__.py:6: UserWarning: Default WIMP parameters are changed in accordance with https://arxiv.org/abs/2105.00599 (github.com/JelleAalbers/wimprates/pull/14)
  warnings.warn(
/global/cfs/cdirs/lz/users/rory_m/.conda/envs/flamedisx_revamped/lib/python3.11/site-packages/wimprates/__init__.py:6: UserWarning: Default WIMP parameters are changed in accordance with https://arxiv.org/abs/2105.00599 (github.com/JelleAalbers/wimprates/pull/14)
  warnings.warn(
/global/cfs/cdirs/lz/users/rory_m/.conda/envs/flamedisx_revamped/lib/python3.11/site-packages/wimprates/__init__.py:6: UserWarning: Default WIMP parameters are changed in accordance with https://arxiv.org/abs/2105.00599 (github.com/JelleAalbers/wimprates/pull/14)
  warnings.warn(
/global/cfs/cdirs/lz/users/rory_m/.conda/envs/flamedisx_revamped/lib/python3.11/site-packages/wimprates/__init__.py:6: UserWarning: Default WIMP parameters are changed in accordance with https://arxiv.org/abs/2105.00599 (github.com/JelleAalbers/wimprates/pull/14)
  warnings.warn(
/global/cfs/cdirs/lz/users/rory_m/.conda/envs/flamedisx_revamped/lib/python3.11/site-packages/wimprates/__init__.py:6: UserWarning: Default WIMP parameters are changed in accordance with https://arxiv.org/abs/2105.00599 (github.com/JelleAalbers/wimprates/pull/14)
  warnings.warn(
/global/cfs/cdirs/lz/users/rory_m/.conda/envs/flamedisx_revamped/lib/python3.11/site-packages/wimprates/__init__.py:6: UserWarning: Default WIMP parameters are changed in accordance with https://arxiv.org/abs/2105.00599 (github.com/JelleAalbers/wimprates/pull/14)
  warnings.warn(
/global/cfs/cdirs/lz/users/rory_m/.conda/envs/flamedisx_revamped/lib/python3.11/site-packages/wimprates/__init__.py:6: UserWarning: Default WIMP parameters are changed in accordance with https://arxiv.org/abs/2105.00599 (github.com/JelleAalbers/wimprates/pull/14)
  warnings.warn(
/global/cfs/cdirs/lz/users/rory_m/.conda/envs/flamedisx_revamped/lib/python3.11/site-packages/wimprates/__init__.py:6: UserWarning: Default WIMP parameters are changed in accordance with https://arxiv.org/abs/2105.00599 (github.com/JelleAalbers/wimprates/pull/14)
  warnings.warn(
/global/cfs/cdirs/lz/users/rory_m/.conda/envs/flamedisx_revamped/lib/python3.11/site-packages/wimprates/__init__.py:6: UserWarning: Default WIMP parameters are changed in accordance with https://arxiv.org/abs/2105.00599 (github.com/JelleAalbers/wimprates/pull/14)
  warnings.warn(
/global/cfs/cdirs/lz/users/rory_m/.conda/envs/flamedisx_revamped/lib/python3.11/site-packages/wimprates/__init__.py:6: UserWarning: Default WIMP parameters are changed in accordance with https://arxiv.org/abs/2105.00599 (github.com/JelleAalbers/wimprates/pull/14)
  warnings.warn(
/global/cfs/cdirs/lz/users/rory_m/.conda/envs/flamedisx_revamped/lib/python3.11/site-packages/wimprates/__init__.py:6: UserWarning: Default WIMP parameters are changed in accordance with https://arxiv.org/abs/2105.00599 (github.com/JelleAalbers/wimprates/pull/14)
  warnings.warn(
/global/cfs/cdirs/lz/users/rory_m/.conda/envs/flamedisx_revamped/lib/python3.11/site-packages/wimprates/__init__.py:6: UserWarning: Default WIMP parameters are changed in accordance with https://arxiv.org/abs/2105.00599 (github.com/JelleAalbers/wimprates/pull/14)
  warnings.warn(
/global/cfs/cdirs/lz/users/rory_m/.conda/envs/flamedisx_revamped/lib/python3.11/site-packages/wimprates/__init__.py:6: UserWarning: Default WIMP parameters are changed in accordance with https://arxiv.org/abs/2105.00599 (github.com/JelleAalbers/wimprates/pull/14)
  warnings.warn(
/global/cfs/cdirs/lz/users/rory_m/.conda/envs/flamedisx_revamped/lib/python3.11/site-packages/wimprates/__init__.py:6: UserWarning: Default WIMP parameters are changed in accordance with https://arxiv.org/abs/2105.00599 (github.com/JelleAalbers/wimprates/pull/14)
  warnings.warn(
/global/cfs/cdirs/lz/users/rory_m/.conda/envs/flamedisx_revamped/lib/python3.11/site-packages/wimprates/__init__.py:6: UserWarning: Default WIMP parameters are changed in accordance with https://arxiv.org/abs/2105.00599 (github.com/JelleAalbers/wimprates/pull/14)
  warnings.warn(
/global/cfs/cdirs/lz/users/rory_m/.conda/envs/flamedisx_revamped/lib/python3.11/site-packages/wimprates/__init__.py:6: UserWarning: Default WIMP parameters are changed in accordance with https://arxiv.org/abs/2105.00599 (github.com/JelleAalbers/wimprates/pull/14)
  warnings.warn(
/global/cfs/cdirs/lz/users/rory_m/.conda/envs/flamedisx_revamped/lib/python3.11/site-packages/wimprates/__init__.py:6: UserWarning: Default WIMP parameters are changed in accordance with https://arxiv.org/abs/2105.00599 (github.com/JelleAalbers/wimprates/pull/14)
  warnings.warn(
/global/cfs/cdirs/lz/users/rory_m/.conda/envs/flamedisx_revamped/lib/python3.11/site-packages/wimprates/__init__.py:6: UserWarning: Default WIMP parameters are changed in accordance with https://arxiv.org/abs/2105.00599 (github.com/JelleAalbers/wimprates/pull/14)
  warnings.warn(
/global/cfs/cdirs/lz/users/rory_m/.conda/envs/flamedisx_revamped/lib/python3.11/site-packages/wimprates/__init__.py:6: UserWarning: Default WIMP parameters are changed in accordance with https://arxiv.org/abs/2105.00599 (github.com/JelleAalbers/wimprates/pull/14)
  warnings.warn(
/global/cfs/cdirs/lz/users/rory_m/.conda/envs/flamedisx_revamped/lib/python3.11/site-packages/wimprates/__init__.py:6: UserWarning: Default WIMP parameters are changed in accordance with https://arxiv.org/abs/2105.00599 (github.com/JelleAalbers/wimprates/pull/14)
  warnings.warn(
/global/cfs/cdirs/lz/users/rory_m/.conda/envs/flamedisx_revamped/lib/python3.11/site-packages/wimprates/__init__.py:6: UserWarning: Default WIMP parameters are changed in accordance with https://arxiv.org/abs/2105.00599 (github.com/JelleAalbers/wimprates/pull/14)
  warnings.warn(
/global/cfs/cdirs/lz/users/rory_m/.conda/envs/flamedisx_revamped/lib/python3.11/site-packages/wimprates/__init__.py:6: UserWarning: Default WIMP parameters are changed in accordance with https://arxiv.org/abs/2105.00599 (github.com/JelleAalbers/wimprates/pull/14)
  warnings.warn(
/global/cfs/cdirs/lz/users/rory_m/.conda/envs/flamedisx_revamped/lib/python3.11/site-packages/wimprates/__init__.py:6: UserWarning: Default WIMP parameters are changed in accordance with https://arxiv.org/abs/2105.00599 (github.com/JelleAalbers/wimprates/pull/14)
  warnings.warn(
/global/cfs/cdirs/lz/users/rory_m/.conda/envs/flamedisx_revamped/lib/python3.11/site-packages/wimprates/__init__.py:6: UserWarning: Default WIMP parameters are changed in accordance with https://arxiv.org/abs/2105.00599 (github.com/JelleAalbers/wimprates/pull/14)
  warnings.warn(
/global/cfs/cdirs/lz/users/rory_m/.conda/envs/flamedisx_revamped/lib/python3.11/site-packages/wimprates/__init__.py:6: UserWarning: Default WIMP parameters are changed in accordance with https://arxiv.org/abs/2105.00599 (github.com/JelleAalbers/wimprates/pull/14)
  warnings.warn(
/global/cfs/cdirs/lz/users/rory_m/.conda/envs/flamedisx_revamped/lib/python3.11/site-packages/wimprates/__init__.py:6: UserWarning: Default WIMP parameters are changed in accordance with https://arxiv.org/abs/2105.00599 (github.com/JelleAalbers/wimprates/pull/14)
  warnings.warn(
/global/cfs/cdirs/lz/users/rory_m/.conda/envs/flamedisx_revamped/lib/python3.11/site-packages/wimprates/__init__.py:6: UserWarning: Default WIMP parameters are changed in accordance with https://arxiv.org/abs/2105.00599 (github.com/JelleAalbers/wimprates/pull/14)
  warnings.warn(
/global/cfs/cdirs/lz/users/rory_m/.conda/envs/flamedisx_revamped/lib/python3.11/site-packages/wimprates/__init__.py:6: UserWarning: Default WIMP parameters are changed in accordance with https://arxiv.org/abs/2105.00599 (github.com/JelleAalbers/wimprates/pull/14)
  warnings.warn(
/global/cfs/cdirs/lz/users/rory_m/.conda/envs/flamedisx_revamped/lib/python3.11/site-packages/wimprates/__init__.py:6: UserWarning: Default WIMP parameters are changed in accordance with https://arxiv.org/abs/2105.00599 (github.com/JelleAalbers/wimprates/pull/14)
  warnings.warn(
/global/cfs/cdirs/lz/users/rory_m/.conda/envs/flamedisx_revamped/lib/python3.11/site-packages/wimprates/__init__.py:6: UserWarning: Default WIMP parameters are changed in accordance with https://arxiv.org/abs/2105.00599 (github.com/JelleAalbers/wimprates/pull/14)
  warnings.warn(
/global/cfs/cdirs/lz/users/rory_m/.conda/envs/flamedisx_revamped/lib/python3.11/site-packages/wimprates/__init__.py:6: UserWarning: Default WIMP parameters are changed in accordance with https://arxiv.org/abs/2105.00599 (github.com/JelleAalbers/wimprates/pull/14)
  warnings.warn(
/global/cfs/cdirs/lz/users/rory_m/.conda/envs/flamedisx_revamped/lib/python3.11/site-packages/wimprates/__init__.py:6: UserWarning: Default WIMP parameters are changed in accordance with https://arxiv.org/abs/2105.00599 (github.com/JelleAalbers/wimprates/pull/14)
  warnings.warn(
/global/cfs/cdirs/lz/users/rory_m/.conda/envs/flamedisx_revamped/lib/python3.11/site-packages/wimprates/__init__.py:6: UserWarning: Default WIMP parameters are changed in accordance with https://arxiv.org/abs/2105.00599 (github.com/JelleAalbers/wimprates/pull/14)
  warnings.warn(
/global/cfs/cdirs/lz/users/rory_m/.conda/envs/flamedisx_revamped/lib/python3.11/site-packages/wimprates/__init__.py:6: UserWarning: Default WIMP parameters are changed in accordance with https://arxiv.org/abs/2105.00599 (github.com/JelleAalbers/wimprates/pull/14)
  warnings.warn(
/global/cfs/cdirs/lz/users/rory_m/.conda/envs/flamedisx_revamped/lib/python3.11/site-packages/wimprates/__init__.py:6: UserWarning: Default WIMP parameters are changed in accordance with https://arxiv.org/abs/2105.00599 (github.com/JelleAalbers/wimprates/pull/14)
  warnings.warn(
/global/cfs/cdirs/lz/users/rory_m/.conda/envs/flamedisx_revamped/lib/python3.11/site-packages/wimprates/__init__.py:6: UserWarning: Default WIMP parameters are changed in accordance with https://arxiv.org/abs/2105.00599 (github.com/JelleAalbers/wimprates/pull/14)
  warnings.warn(
/global/cfs/cdirs/lz/users/rory_m/.conda/envs/flamedisx_revamped/lib/python3.11/site-packages/wimprates/__init__.py:6: UserWarning: Default WIMP parameters are changed in accordance with https://arxiv.org/abs/2105.00599 (github.com/JelleAalbers/wimprates/pull/14)
  warnings.warn(
/global/cfs/cdirs/lz/users/rory_m/.conda/envs/flamedisx_revamped/lib/python3.11/site-packages/wimprates/__init__.py:6: UserWarning: Default WIMP parameters are changed in accordance with https://arxiv.org/abs/2105.00599 (github.com/JelleAalbers/wimprates/pull/14)
  warnings.warn(
/global/cfs/cdirs/lz/users/rory_m/.conda/envs/flamedisx_revamped/lib/python3.11/site-packages/wimprates/__init__.py:6: UserWarning: Default WIMP parameters are changed in accordance with https://arxiv.org/abs/2105.00599 (github.com/JelleAalbers/wimprates/pull/14)
  warnings.warn(
/global/cfs/cdirs/lz/users/rory_m/.conda/envs/flamedisx_revamped/lib/python3.11/site-packages/wimprates/__init__.py:6: UserWarning: Default WIMP parameters are changed in accordance with https://arxiv.org/abs/2105.00599 (github.com/JelleAalbers/wimprates/pull/14)
  warnings.warn(
/global/cfs/cdirs/lz/users/rory_m/.conda/envs/flamedisx_revamped/lib/python3.11/site-packages/wimprates/__init__.py:6: UserWarning: Default WIMP parameters are changed in accordance with https://arxiv.org/abs/2105.00599 (github.com/JelleAalbers/wimprates/pull/14)
  warnings.warn(
/global/cfs/cdirs/lz/users/rory_m/.conda/envs/flamedisx_revamped/lib/python3.11/site-packages/wimprates/__init__.py:6: UserWarning: Default WIMP parameters are changed in accordance with https://arxiv.org/abs/2105.00599 (github.com/JelleAalbers/wimprates/pull/14)
  warnings.warn(
/global/cfs/cdirs/lz/users/rory_m/.conda/envs/flamedisx_revamped/lib/python3.11/site-packages/wimprates/__init__.py:6: UserWarning: Default WIMP parameters are changed in accordance with https://arxiv.org/abs/2105.00599 (github.com/JelleAalbers/wimprates/pull/14)
  warnings.warn(
/global/cfs/cdirs/lz/users/rory_m/.conda/envs/flamedisx_revamped/lib/python3.11/site-packages/wimprates/__init__.py:6: UserWarning: Default WIMP parameters are changed in accordance with https://arxiv.org/abs/2105.00599 (github.com/JelleAalbers/wimprates/pull/14)
  warnings.warn(
/global/cfs/cdirs/lz/users/rory_m/.conda/envs/flamedisx_revamped/lib/python3.11/site-packages/wimprates/__init__.py:6: UserWarning: Default WIMP parameters are changed in accordance with https://arxiv.org/abs/2105.00599 (github.com/JelleAalbers/wimprates/pull/14)
  warnings.warn(
/global/cfs/cdirs/lz/users/rory_m/.conda/envs/flamedisx_revamped/lib/python3.11/site-packages/wimprates/__init__.py:6: UserWarning: Default WIMP parameters are changed in accordance with https://arxiv.org/abs/2105.00599 (github.com/JelleAalbers/wimprates/pull/14)
  warnings.warn(
/global/cfs/cdirs/lz/users/rory_m/.conda/envs/flamedisx_revamped/lib/python3.11/site-packages/wimprates/__init__.py:6: UserWarning: Default WIMP parameters are changed in accordance with https://arxiv.org/abs/2105.00599 (github.com/JelleAalbers/wimprates/pull/14)
  warnings.warn(
2026-06-12 09:04:52.095039: E external/local_xla/xla/stream_executor/cuda/cuda_platform.cc:51] failed call to cuInit: INTERNAL: CUDA error: Failed call to cuInit: CUDA_ERROR_NO_DEVICE: no CUDA-capable device is detected
2026-06-12 09:04:52.159976: E external/local_xla/xla/stream_executor/cuda/cuda_platform.cc:51] failed call to cuInit: INTERNAL: CUDA error: Failed call to cuInit: CUDA_ERROR_NO_DEVICE: no CUDA-capable device is detected
2026-06-12 09:04:52.164221: E external/local_xla/xla/stream_executor/cuda/cuda_platform.cc:51] failed call to cuInit: INTERNAL: CUDA error: Failed call to cuInit: CUDA_ERROR_NO_DEVICE: no CUDA-capable device is detected
2026-06-12 09:04:52.218635: E external/local_xla/xla/stream_executor/cuda/cuda_platform.cc:51] failed call to cuInit: INTERNAL: CUDA error: Failed call to cuInit: CUDA_ERROR_NO_DEVICE: no CUDA-capable device is detected
/global/cfs/cdirs/lz/users/rory_m/.conda/envs/flamedisx_revamped/lib/python3.11/site-packages/wimprates/__init__.py:6: UserWarning: Default WIMP parameters are changed in accordance with https://arxiv.org/abs/2105.00599 (github.com/JelleAalbers/wimprates/pull/14)
  warnings.warn(
/global/cfs/cdirs/lz/users/rory_m/.conda/envs/flamedisx_revamped/lib/python3.11/site-packages/wimprates/__init__.py:6: UserWarning: Default WIMP parameters are changed in accordance with https://arxiv.org/abs/2105.00599 (github.com/JelleAalbers/wimprates/pull/14)
  warnings.warn(
2026-06-12 09:04:52.402694: E external/local_xla/xla/stream_executor/cuda/cuda_platform.cc:51] failed call to cuInit: INTERNAL: CUDA error: Failed call to cuInit: CUDA_ERROR_NO_DEVICE: no CUDA-capable device is detected
2026-06-12 09:04:52.405700: E external/local_xla/xla/stream_executor/cuda/cuda_platform.cc:51] failed call to cuInit: INTERNAL: CUDA error: Failed call to cuInit: CUDA_ERROR_NO_DEVICE: no CUDA-capable device is detected
/global/cfs/cdirs/lz/users/rory_m/.conda/envs/flamedisx_revamped/lib/python3.11/site-packages/wimprates/__init__.py:6: UserWarning: Default WIMP parameters are changed in accordance with https://arxiv.org/abs/2105.00599 (github.com/JelleAalbers/wimprates/pull/14)
  warnings.warn(
2026-06-12 09:04:52.408434: E external/local_xla/xla/stream_executor/cuda/cuda_platform.cc:51] failed call to cuInit: INTERNAL: CUDA error: Failed call to cuInit: CUDA_ERROR_NO_DEVICE: no CUDA-capable device is detected
/global/cfs/cdirs/lz/users/rory_m/.conda/envs/flamedisx_revamped/lib/python3.11/site-packages/wimprates/__init__.py:6: UserWarning: Default WIMP parameters are changed in accordance with https://arxiv.org/abs/2105.00599 (github.com/JelleAalbers/wimprates/pull/14)
  warnings.warn(
/global/cfs/cdirs/lz/users/rory_m/.conda/envs/flamedisx_revamped/lib/python3.11/site-packages/wimprates/__init__.py:6: UserWarning: Default WIMP parameters are changed in accordance with https://arxiv.org/abs/2105.00599 (github.com/JelleAalbers/wimprates/pull/14)
  warnings.warn(
2026-06-12 09:04:52.436416: E external/local_xla/xla/stream_executor/cuda/cuda_platform.cc:51] failed call to cuInit: INTERNAL: CUDA error: Failed call to cuInit: CUDA_ERROR_NO_DEVICE: no CUDA-capable device is detected
2026-06-12 09:04:52.438582: E external/local_xla/xla/stream_executor/cuda/cuda_platform.cc:51] failed call to cuInit: INTERNAL: CUDA error: Failed call to cuInit: CUDA_ERROR_NO_DEVICE: no CUDA-capable device is detected
2026-06-12 09:04:52.442778: E external/local_xla/xla/stream_executor/cuda/cuda_platform.cc:51] failed call to cuInit: INTERNAL: CUDA error: Failed call to cuInit: CUDA_ERROR_NO_DEVICE: no CUDA-capable device is detected
2026-06-12 09:04:52.452588: E external/local_xla/xla/stream_executor/cuda/cuda_platform.cc:51] failed call to cuInit: INTERNAL: CUDA error: Failed call to cuInit: CUDA_ERROR_NO_DEVICE: no CUDA-capable device is detected
/global/cfs/cdirs/lz/users/rory_m/.conda/envs/flamedisx_revamped/lib/python3.11/site-packages/wimprates/__init__.py:6: UserWarning: Default WIMP parameters are changed in accordance with https://arxiv.org/abs/2105.00599 (github.com/JelleAalbers/wimprates/pull/14)
  warnings.warn(
/global/cfs/cdirs/lz/users/rory_m/.conda/envs/flamedisx_revamped/lib/python3.11/site-packages/wimprates/__init__.py:6: UserWarning: Default WIMP parameters are changed in accordance with https://arxiv.org/abs/2105.00599 (github.com/JelleAalbers/wimprates/pull/14)
  warnings.warn(
2026-06-12 09:04:52.476924: E external/local_xla/xla/stream_executor/cuda/cuda_platform.cc:51] failed call to cuInit: INTERNAL: CUDA error: Failed call to cuInit: CUDA_ERROR_NO_DEVICE: no CUDA-capable device is detected
2026-06-12 09:04:52.487827: E external/local_xla/xla/stream_executor/cuda/cuda_platform.cc:51] failed call to cuInit: INTERNAL: CUDA error: Failed call to cuInit: CUDA_ERROR_NO_DEVICE: no CUDA-capable device is detected
/global/cfs/cdirs/lz/users/rory_m/.conda/envs/flamedisx_revamped/lib/python3.11/site-packages/wimprates/__init__.py:6: UserWarning: Default WIMP parameters are changed in accordance with https://arxiv.org/abs/2105.00599 (github.com/JelleAalbers/wimprates/pull/14)
  warnings.warn(
2026-06-12 09:04:52.519858: E external/local_xla/xla/stream_executor/cuda/cuda_platform.cc:51] failed call to cuInit: INTERNAL: CUDA error: Failed call to cuInit: CUDA_ERROR_NO_DEVICE: no CUDA-capable device is detected
2026-06-12 09:04:52.523001: E external/local_xla/xla/stream_executor/cuda/cuda_platform.cc:51] failed call to cuInit: INTERNAL: CUDA error: Failed call to cuInit: CUDA_ERROR_NO_DEVICE: no CUDA-capable device is detected
/global/cfs/cdirs/lz/users/rory_m/.conda/envs/flamedisx_revamped/lib/python3.11/site-packages/wimprates/__init__.py:6: UserWarning: Default WIMP parameters are changed in accordance with https://arxiv.org/abs/2105.00599 (github.com/JelleAalbers/wimprates/pull/14)
  warnings.warn(
/global/cfs/cdirs/lz/users/rory_m/.conda/envs/flamedisx_revamped/lib/python3.11/site-packages/wimprates/__init__.py:6: UserWarning: Default WIMP parameters are changed in accordance with https://arxiv.org/abs/2105.00599 (github.com/JelleAalbers/wimprates/pull/14)
  warnings.warn(
2026-06-12 09:04:52.559839: E external/local_xla/xla/stream_executor/cuda/cuda_platform.cc:51] failed call to cuInit: INTERNAL: CUDA error: Failed call to cuInit: CUDA_ERROR_NO_DEVICE: no CUDA-capable device is detected
/global/cfs/cdirs/lz/users/rory_m/.conda/envs/flamedisx_revamped/lib/python3.11/site-packages/wimprates/__init__.py:6: UserWarning: Default WIMP parameters are changed in accordance with https://arxiv.org/abs/2105.00599 (github.com/JelleAalbers/wimprates/pull/14)
  warnings.warn(
2026-06-12 09:04:52.610197: E external/local_xla/xla/stream_executor/cuda/cuda_platform.cc:51] failed call to cuInit: INTERNAL: CUDA error: Failed call to cuInit: CUDA_ERROR_NO_DEVICE: no CUDA-capable device is detected
/global/cfs/cdirs/lz/users/rory_m/.conda/envs/flamedisx_revamped/lib/python3.11/site-packages/wimprates/__init__.py:6: UserWarning: Default WIMP parameters are changed in accordance with https://arxiv.org/abs/2105.00599 (github.com/JelleAalbers/wimprates/pull/14)
  warnings.warn(
/global/cfs/cdirs/lz/users/rory_m/.conda/envs/flamedisx_revamped/lib/python3.11/site-packages/wimprates/__init__.py:6: UserWarning: Default WIMP parameters are changed in accordance with https://arxiv.org/abs/2105.00599 (github.com/JelleAalbers/wimprates/pull/14)
  warnings.warn(
2026-06-12 09:04:52.635097: E external/local_xla/xla/stream_executor/cuda/cuda_platform.cc:51] failed call to cuInit: INTERNAL: CUDA error: Failed call to cuInit: CUDA_ERROR_NO_DEVICE: no CUDA-capable device is detected
2026-06-12 09:04:52.648564: E external/local_xla/xla/stream_executor/cuda/cuda_platform.cc:51] failed call to cuInit: INTERNAL: CUDA error: Failed call to cuInit: CUDA_ERROR_NO_DEVICE: no CUDA-capable device is detected
/global/cfs/cdirs/lz/users/rory_m/.conda/envs/flamedisx_revamped/lib/python3.11/site-packages/wimprates/__init__.py:6: UserWarning: Default WIMP parameters are changed in accordance with https://arxiv.org/abs/2105.00599 (github.com/JelleAalbers/wimprates/pull/14)
  warnings.warn(
2026-06-12 09:04:52.740541: E external/local_xla/xla/stream_executor/cuda/cuda_platform.cc:51] failed call to cuInit: INTERNAL: CUDA error: Failed call to cuInit: CUDA_ERROR_NO_DEVICE: no CUDA-capable device is detected
/global/cfs/cdirs/lz/users/rory_m/.conda/envs/flamedisx_revamped/lib/python3.11/site-packages/wimprates/__init__.py:6: UserWarning: Default WIMP parameters are changed in accordance with https://arxiv.org/abs/2105.00599 (github.com/JelleAalbers/wimprates/pull/14)
  warnings.warn(
2026-06-12 09:04:52.767206: E external/local_xla/xla/stream_executor/cuda/cuda_platform.cc:51] failed call to cuInit: INTERNAL: CUDA error: Failed call to cuInit: CUDA_ERROR_NO_DEVICE: no CUDA-capable device is detected
/global/cfs/cdirs/lz/users/rory_m/.conda/envs/flamedisx_revamped/lib/python3.11/site-packages/wimprates/__init__.py:6: UserWarning: Default WIMP parameters are changed in accordance with https://arxiv.org/abs/2105.00599 (github.com/JelleAalbers/wimprates/pull/14)
  warnings.warn(
/global/cfs/cdirs/lz/users/rory_m/.conda/envs/flamedisx_revamped/lib/python3.11/site-packages/wimprates/__init__.py:6: UserWarning: Default WIMP parameters are changed in accordance with https://arxiv.org/abs/2105.00599 (github.com/JelleAalbers/wimprates/pull/14)
  warnings.warn(
/global/cfs/cdirs/lz/users/rory_m/.conda/envs/flamedisx_revamped/lib/python3.11/site-packages/wimprates/__init__.py:6: UserWarning: Default WIMP parameters are changed in accordance with https://arxiv.org/abs/2105.00599 (github.com/JelleAalbers/wimprates/pull/14)
  warnings.warn(
/global/cfs/cdirs/lz/users/rory_m/.conda/envs/flamedisx_revamped/lib/python3.11/site-packages/wimprates/__init__.py:6: UserWarning: Default WIMP parameters are changed in accordance with https://arxiv.org/abs/2105.00599 (github.com/JelleAalbers/wimprates/pull/14)
  warnings.warn(
/global/cfs/cdirs/lz/users/rory_m/.conda/envs/flamedisx_revamped/lib/python3.11/site-packages/wimprates/__init__.py:6: UserWarning: Default WIMP parameters are changed in accordance with https://arxiv.org/abs/2105.00599 (github.com/JelleAalbers/wimprates/pull/14)
  warnings.warn(
/global/cfs/cdirs/lz/users/rory_m/.conda/envs/flamedisx_revamped/lib/python3.11/site-packages/wimprates/__init__.py:6: UserWarning: Default WIMP parameters are changed in accordance with https://arxiv.org/abs/2105.00599 (github.com/JelleAalbers/wimprates/pull/14)
  warnings.warn(
/global/cfs/cdirs/lz/users/rory_m/.conda/envs/flamedisx_revamped/lib/python3.11/site-packages/wimprates/__init__.py:6: UserWarning: Default WIMP parameters are changed in accordance with https://arxiv.org/abs/2105.00599 (github.com/JelleAalbers/wimprates/pull/14)
  warnings.warn(
2026-06-12 09:04:52.851000: E external/local_xla/xla/stream_executor/cuda/cuda_platform.cc:51] failed call to cuInit: INTERNAL: CUDA error: Failed call to cuInit: CUDA_ERROR_NO_DEVICE: no CUDA-capable device is detected
2026-06-12 09:04:52.886116: E external/local_xla/xla/stream_executor/cuda/cuda_platform.cc:51] failed call to cuInit: INTERNAL: CUDA error: Failed call to cuInit: CUDA_ERROR_NO_DEVICE: no CUDA-capable device is detected
2026-06-12 09:04:52.958447: E external/local_xla/xla/stream_executor/cuda/cuda_platform.cc:51] failed call to cuInit: INTERNAL: CUDA error: Failed call to cuInit: CUDA_ERROR_NO_DEVICE: no CUDA-capable device is detected
2026-06-12 09:04:52.974406: E external/local_xla/xla/stream_executor/cuda/cuda_platform.cc:51] failed call to cuInit: INTERNAL: CUDA error: Failed call to cuInit: CUDA_ERROR_NO_DEVICE: no CUDA-capable device is detected
2026-06-12 09:04:52.978153: E external/local_xla/xla/stream_executor/cuda/cuda_platform.cc:51] failed call to cuInit: INTERNAL: CUDA error: Failed call to cuInit: CUDA_ERROR_NO_DEVICE: no CUDA-capable device is detected
2026-06-12 09:04:52.998112: E external/local_xla/xla/stream_executor/cuda/cuda_platform.cc:51] failed call to cuInit: INTERNAL: CUDA error: Failed call to cuInit: CUDA_ERROR_NO_DEVICE: no CUDA-capable device is detected
2026-06-12 09:04:53.028901: E external/local_xla/xla/stream_executor/cuda/cuda_platform.cc:51] failed call to cuInit: INTERNAL: CUDA error: Failed call to cuInit: CUDA_ERROR_NO_DEVICE: no CUDA-capable device is detected
2026-06-12 09:04:53.050313: E external/local_xla/xla/stream_executor/cuda/cuda_platform.cc:51] failed call to cuInit: INTERNAL: CUDA error: Failed call to cuInit: CUDA_ERROR_NO_DEVICE: no CUDA-capable device is detected
2026-06-12 09:04:53.051199: E external/local_xla/xla/stream_executor/cuda/cuda_platform.cc:51] failed call to cuInit: INTERNAL: CUDA error: Failed call to cuInit: CUDA_ERROR_NO_DEVICE: no CUDA-capable device is detected
2026-06-12 09:04:53.080747: E external/local_xla/xla/stream_executor/cuda/cuda_platform.cc:51] failed call to cuInit: INTERNAL: CUDA error: Failed call to cuInit: CUDA_ERROR_NO_DEVICE: no CUDA-capable device is detected
2026-06-12 09:04:53.094556: E external/local_xla/xla/stream_executor/cuda/cuda_platform.cc:51] failed call to cuInit: INTERNAL: CUDA error: Failed call to cuInit: CUDA_ERROR_NO_DEVICE: no CUDA-capable device is detected
2026-06-12 09:04:53.110254: E external/local_xla/xla/stream_executor/cuda/cuda_platform.cc:51] failed call to cuInit: INTERNAL: CUDA error: Failed call to cuInit: CUDA_ERROR_NO_DEVICE: no CUDA-capable device is detected
2026-06-12 09:04:53.120378: E external/local_xla/xla/stream_executor/cuda/cuda_platform.cc:51] failed call to cuInit: INTERNAL: CUDA error: Failed call to cuInit: CUDA_ERROR_NO_DEVICE: no CUDA-capable device is detected
2026-06-12 09:04:53.125515: E external/local_xla/xla/stream_executor/cuda/cuda_platform.cc:51] failed call to cuInit: INTERNAL: CUDA error: Failed call to cuInit: CUDA_ERROR_NO_DEVICE: no CUDA-capable device is detected
2026-06-12 09:04:53.149416: E external/local_xla/xla/stream_executor/cuda/cuda_platform.cc:51] failed call to cuInit: INTERNAL: CUDA error: Failed call to cuInit: CUDA_ERROR_NO_DEVICE: no CUDA-capable device is detected
2026-06-12 09:04:53.154168: E external/local_xla/xla/stream_executor/cuda/cuda_platform.cc:51] failed call to cuInit: INTERNAL: CUDA error: Failed call to cuInit: CUDA_ERROR_NO_DEVICE: no CUDA-capable device is detected
2026-06-12 09:04:53.175666: E external/local_xla/xla/stream_executor/cuda/cuda_platform.cc:51] failed call to cuInit: INTERNAL: CUDA error: Failed call to cuInit: CUDA_ERROR_NO_DEVICE: no CUDA-capable device is detected
2026-06-12 09:04:53.177062: E external/local_xla/xla/stream_executor/cuda/cuda_platform.cc:51] failed call to cuInit: INTERNAL: CUDA error: Failed call to cuInit: CUDA_ERROR_NO_DEVICE: no CUDA-capable device is detected
2026-06-12 09:04:53.204703: E external/local_xla/xla/stream_executor/cuda/cuda_platform.cc:51] failed call to cuInit: INTERNAL: CUDA error: Failed call to cuInit: CUDA_ERROR_NO_DEVICE: no CUDA-capable device is detected
2026-06-12 09:04:53.229921: E external/local_xla/xla/stream_executor/cuda/cuda_platform.cc:51] failed call to cuInit: INTERNAL: CUDA error: Failed call to cuInit: CUDA_ERROR_NO_DEVICE: no CUDA-capable device is detected
2026-06-12 09:04:53.358466: E external/local_xla/xla/stream_executor/cuda/cuda_platform.cc:51] failed call to cuInit: INTERNAL: CUDA error: Failed call to cuInit: CUDA_ERROR_NO_DEVICE: no CUDA-capable device is detected
2026-06-12 09:04:53.373520: E external/local_xla/xla/stream_executor/cuda/cuda_platform.cc:51] failed call to cuInit: INTERNAL: CUDA error: Failed call to cuInit: CUDA_ERROR_NO_DEVICE: no CUDA-capable device is detected
2026-06-12 09:04:53.473124: E external/local_xla/xla/stream_executor/cuda/cuda_platform.cc:51] failed call to cuInit: INTERNAL: CUDA error: Failed call to cuInit: CUDA_ERROR_NO_DEVICE: no CUDA-capable device is detected
2026-06-12 09:04:53.536621: E external/local_xla/xla/stream_executor/cuda/cuda_platform.cc:51] failed call to cuInit: INTERNAL: CUDA error: Failed call to cuInit: CUDA_ERROR_NO_DEVICE: no CUDA-capable device is detected
2026-06-12 09:04:53.592066: E external/local_xla/xla/stream_executor/cuda/cuda_platform.cc:51] failed call to cuInit: INTERNAL: CUDA error: Failed call to cuInit: CUDA_ERROR_NO_DEVICE: no CUDA-capable device is detected
2026-06-12 09:04:53.592295: E external/local_xla/xla/stream_executor/cuda/cuda_platform.cc:51] failed call to cuInit: INTERNAL: CUDA error: Failed call to cuInit: CUDA_ERROR_NO_DEVICE: no CUDA-capable device is detected
2026-06-12 09:04:53.680819: E external/local_xla/xla/stream_executor/cuda/cuda_platform.cc:51] failed call to cuInit: INTERNAL: CUDA error: Failed call to cuInit: CUDA_ERROR_NO_DEVICE: no CUDA-capable device is detected
2026-06-12 09:04:53.702585: E external/local_xla/xla/stream_executor/cuda/cuda_platform.cc:51] failed call to cuInit: INTERNAL: CUDA error: Failed call to cuInit: CUDA_ERROR_NO_DEVICE: no CUDA-capable device is detected
2026-06-12 09:04:53.766289: E external/local_xla/xla/stream_executor/cuda/cuda_platform.cc:51] failed call to cuInit: INTERNAL: CUDA error: Failed call to cuInit: CUDA_ERROR_NO_DEVICE: no CUDA-capable device is detected
2026-06-12 09:04:53.781578: E external/local_xla/xla/stream_executor/cuda/cuda_platform.cc:51] failed call to cuInit: INTERNAL: CUDA error: Failed call to cuInit: CUDA_ERROR_NO_DEVICE: no CUDA-capable device is detected
2026-06-12 09:04:53.812013: E external/local_xla/xla/stream_executor/cuda/cuda_platform.cc:51] failed call to cuInit: INTERNAL: CUDA error: Failed call to cuInit: CUDA_ERROR_NO_DEVICE: no CUDA-capable device is detected
2026-06-12 09:04:53.978759: E external/local_xla/xla/stream_executor/cuda/cuda_platform.cc:51] failed call to cuInit: INTERNAL: CUDA error: Failed call to cuInit: CUDA_ERROR_NO_DEVICE: no CUDA-capable device is detected
2026-06-12 09:04:54.067789: E external/local_xla/xla/stream_executor/cuda/cuda_platform.cc:51] failed call to cuInit: INTERNAL: CUDA error: Failed call to cuInit: CUDA_ERROR_NO_DEVICE: no CUDA-capable device is detected
2026-06-12 09:04:54.090631: E external/local_xla/xla/stream_executor/cuda/cuda_platform.cc:51] failed call to cuInit: INTERNAL: CUDA error: Failed call to cuInit: CUDA_ERROR_NO_DEVICE: no CUDA-capable device is detected
2026-06-12 09:04:54.150834: E external/local_xla/xla/stream_executor/cuda/cuda_platform.cc:51] failed call to cuInit: INTERNAL: CUDA error: Failed call to cuInit: CUDA_ERROR_NO_DEVICE: no CUDA-capable device is detected
2026-06-12 09:04:54.274023: E external/local_xla/xla/stream_executor/cuda/cuda_platform.cc:51] failed call to cuInit: INTERNAL: CUDA error: Failed call to cuInit: CUDA_ERROR_NO_DEVICE: no CUDA-capable device is detected
2026-06-12 09:04:54.286411: E external/local_xla/xla/stream_executor/cuda/cuda_platform.cc:51] failed call to cuInit: INTERNAL: CUDA error: Failed call to cuInit: CUDA_ERROR_NO_DEVICE: no CUDA-capable device is detected
2026-06-12 09:04:54.292746: E external/local_xla/xla/stream_executor/cuda/cuda_platform.cc:51] failed call to cuInit: INTERNAL: CUDA error: Failed call to cuInit: CUDA_ERROR_NO_DEVICE: no CUDA-capable device is detected
2026-06-12 09:04:54.293237: E external/local_xla/xla/stream_executor/cuda/cuda_platform.cc:51] failed call to cuInit: INTERNAL: CUDA error: Failed call to cuInit: CUDA_ERROR_NO_DEVICE: no CUDA-capable device is detected
2026-06-12 09:04:54.307437: E external/local_xla/xla/stream_executor/cuda/cuda_platform.cc:51] failed call to cuInit: INTERNAL: CUDA error: Failed call to cuInit: CUDA_ERROR_NO_DEVICE: no CUDA-capable device is detected
2026-06-12 09:04:54.311767: E external/local_xla/xla/stream_executor/cuda/cuda_platform.cc:51] failed call to cuInit: INTERNAL: CUDA error: Failed call to cuInit: CUDA_ERROR_NO_DEVICE: no CUDA-capable device is detected
2026-06-12 09:04:54.318689: E external/local_xla/xla/stream_executor/cuda/cuda_platform.cc:51] failed call to cuInit: INTERNAL: CUDA error: Failed call to cuInit: CUDA_ERROR_NO_DEVICE: no CUDA-capable device is detected
2026-06-12 09:04:54.346604: E external/local_xla/xla/stream_executor/cuda/cuda_platform.cc:51] failed call to cuInit: INTERNAL: CUDA error: Failed call to cuInit: CUDA_ERROR_NO_DEVICE: no CUDA-capable device is detected
2026-06-12 09:04:54.386397: E external/local_xla/xla/stream_executor/cuda/cuda_platform.cc:51] failed call to cuInit: INTERNAL: CUDA error: Failed call to cuInit: CUDA_ERROR_NO_DEVICE: no CUDA-capable device is detected
2026-06-12 09:04:54.586046: E external/local_xla/xla/stream_executor/cuda/cuda_platform.cc:51] failed call to cuInit: INTERNAL: CUDA error: Failed call to cuInit: CUDA_ERROR_NO_DEVICE: no CUDA-capable device is detected
2026-06-12 09:04:55.213558: E external/local_xla/xla/stream_executor/cuda/cuda_platform.cc:51] failed call to cuInit: INTERNAL: CUDA error: Failed call to cuInit: CUDA_ERROR_NO_DEVICE: no CUDA-capable device is detected
2026-06-12 09:04:55.394009: E external/local_xla/xla/stream_executor/cuda/cuda_platform.cc:51] failed call to cuInit: INTERNAL: CUDA error: Failed call to cuInit: CUDA_ERROR_NO_DEVICE: no CUDA-capable device is detected
2026-06-12 09:04:55.491261: E external/local_xla/xla/stream_executor/cuda/cuda_platform.cc:51] failed call to cuInit: INTERNAL: CUDA error: Failed call to cuInit: CUDA_ERROR_NO_DEVICE: no CUDA-capable device is detected
2026-06-12 09:04:55.759219: E external/local_xla/xla/stream_executor/cuda/cuda_platform.cc:51] failed call to cuInit: INTERNAL: CUDA error: Failed call to cuInit: CUDA_ERROR_NO_DEVICE: no CUDA-capable device is detected
2026-06-12 09:04:55.858164: E external/local_xla/xla/stream_executor/cuda/cuda_platform.cc:51] failed call to cuInit: INTERNAL: CUDA error: Failed call to cuInit: CUDA_ERROR_NO_DEVICE: no CUDA-capable device is detected
2026-06-12 09:04:56.144883: E external/local_xla/xla/stream_executor/cuda/cuda_platform.cc:51] failed call to cuInit: INTERNAL: CUDA error: Failed call to cuInit: CUDA_ERROR_NO_DEVICE: no CUDA-capable device is detected
2026-06-12 09:04:56.493076: E external/local_xla/xla/stream_executor/cuda/cuda_platform.cc:51] failed call to cuInit: INTERNAL: CUDA error: Failed call to cuInit: CUDA_ERROR_NO_DEVICE: no CUDA-capable device is detected
2026-06-12 09:04:56.514364: E external/local_xla/xla/stream_executor/cuda/cuda_platform.cc:51] failed call to cuInit: INTERNAL: CUDA error: Failed call to cuInit: CUDA_ERROR_NO_DEVICE: no CUDA-capable device is detected
/global/cfs/cdirs/lz/users/rory_m/.conda/envs/flamedisx_revamped/lib/python3.11/site-packages/wimprates/__init__.py:6: UserWarning: Default WIMP parameters are changed in accordance with https://arxiv.org/abs/2105.00599 (github.com/JelleAalbers/wimprates/pull/14)
  warnings.warn(
/global/cfs/cdirs/lz/users/rory_m/.conda/envs/flamedisx_revamped/lib/python3.11/site-packages/wimprates/__init__.py:6: UserWarning: Default WIMP parameters are changed in accordance with https://arxiv.org/abs/2105.00599 (github.com/JelleAalbers/wimprates/pull/14)
  warnings.warn(
/global/cfs/cdirs/lz/users/rory_m/.conda/envs/flamedisx_revamped/lib/python3.11/site-packages/wimprates/__init__.py:6: UserWarning: Default WIMP parameters are changed in accordance with https://arxiv.org/abs/2105.00599 (github.com/JelleAalbers/wimprates/pull/14)
  warnings.warn(
/global/cfs/cdirs/lz/users/rory_m/.conda/envs/flamedisx_revamped/lib/python3.11/site-packages/wimprates/__init__.py:6: UserWarning: Default WIMP parameters are changed in accordance with https://arxiv.org/abs/2105.00599 (github.com/JelleAalbers/wimprates/pull/14)
  warnings.warn(
/global/cfs/cdirs/lz/users/rory_m/.conda/envs/flamedisx_revamped/lib/python3.11/site-packages/wimprates/__init__.py:6: UserWarning: Default WIMP parameters are changed in accordance with https://arxiv.org/abs/2105.00599 (github.com/JelleAalbers/wimprates/pull/14)
  warnings.warn(
/global/cfs/cdirs/lz/users/rory_m/.conda/envs/flamedisx_revamped/lib/python3.11/site-packages/wimprates/__init__.py:6: UserWarning: Default WIMP parameters are changed in accordance with https://arxiv.org/abs/2105.00599 (github.com/JelleAalbers/wimprates/pull/14)
  warnings.warn(
/global/cfs/cdirs/lz/users/rory_m/.conda/envs/flamedisx_revamped/lib/python3.11/site-packages/wimprates/__init__.py:6: UserWarning: Default WIMP parameters are changed in accordance with https://arxiv.org/abs/2105.00599 (github.com/JelleAalbers/wimprates/pull/14)
  warnings.warn(
/global/cfs/cdirs/lz/users/rory_m/.conda/envs/flamedisx_revamped/lib/python3.11/site-packages/wimprates/__init__.py:6: UserWarning: Default WIMP parameters are changed in accordance with https://arxiv.org/abs/2105.00599 (github.com/JelleAalbers/wimprates/pull/14)
  warnings.warn(
/global/cfs/cdirs/lz/users/rory_m/.conda/envs/flamedisx_revamped/lib/python3.11/site-packages/wimprates/__init__.py:6: UserWarning: Default WIMP parameters are changed in accordance with https://arxiv.org/abs/2105.00599 (github.com/JelleAalbers/wimprates/pull/14)
  warnings.warn(
/global/cfs/cdirs/lz/users/rory_m/.conda/envs/flamedisx_revamped/lib/python3.11/site-packages/wimprates/__init__.py:6: UserWarning: Default WIMP parameters are changed in accordance with https://arxiv.org/abs/2105.00599 (github.com/JelleAalbers/wimprates/pull/14)
  warnings.warn(
/global/cfs/cdirs/lz/users/rory_m/.conda/envs/flamedisx_revamped/lib/python3.11/site-packages/wimprates/__init__.py:6: UserWarning: Default WIMP parameters are changed in accordance with https://arxiv.org/abs/2105.00599 (github.com/JelleAalbers/wimprates/pull/14)
  warnings.warn(
/global/cfs/cdirs/lz/users/rory_m/.conda/envs/flamedisx_revamped/lib/python3.11/site-packages/wimprates/__init__.py:6: UserWarning: Default WIMP parameters are changed in accordance with https://arxiv.org/abs/2105.00599 (github.com/JelleAalbers/wimprates/pull/14)
  warnings.warn(
/global/cfs/cdirs/lz/users/rory_m/.conda/envs/flamedisx_revamped/lib/python3.11/site-packages/wimprates/__init__.py:6: UserWarning: Default WIMP parameters are changed in accordance with https://arxiv.org/abs/2105.00599 (github.com/JelleAalbers/wimprates/pull/14)
  warnings.warn(
/global/cfs/cdirs/lz/users/rory_m/.conda/envs/flamedisx_revamped/lib/python3.11/site-packages/wimprates/__init__.py:6: UserWarning: Default WIMP parameters are changed in accordance with https://arxiv.org/abs/2105.00599 (github.com/JelleAalbers/wimprates/pull/14)
  warnings.warn(
/global/cfs/cdirs/lz/users/rory_m/.conda/envs/flamedisx_revamped/lib/python3.11/site-packages/wimprates/__init__.py:6: UserWarning: Default WIMP parameters are changed in accordance with https://arxiv.org/abs/2105.00599 (github.com/JelleAalbers/wimprates/pull/14)
  warnings.warn(
/global/cfs/cdirs/lz/users/rory_m/.conda/envs/flamedisx_revamped/lib/python3.11/site-packages/wimprates/__init__.py:6: UserWarning: Default WIMP parameters are changed in accordance with https://arxiv.org/abs/2105.00599 (github.com/JelleAalbers/wimprates/pull/14)
  warnings.warn(
/global/cfs/cdirs/lz/users/rory_m/.conda/envs/flamedisx_revamped/lib/python3.11/site-packages/wimprates/__init__.py:6: UserWarning: Default WIMP parameters are changed in accordance with https://arxiv.org/abs/2105.00599 (github.com/JelleAalbers/wimprates/pull/14)
  warnings.warn(
/global/cfs/cdirs/lz/users/rory_m/.conda/envs/flamedisx_revamped/lib/python3.11/site-packages/wimprates/__init__.py:6: UserWarning: Default WIMP parameters are changed in accordance with https://arxiv.org/abs/2105.00599 (github.com/JelleAalbers/wimprates/pull/14)
  warnings.warn(
/global/cfs/cdirs/lz/users/rory_m/.conda/envs/flamedisx_revamped/lib/python3.11/site-packages/wimprates/__init__.py:6: UserWarning: Default WIMP parameters are changed in accordance with https://arxiv.org/abs/2105.00599 (github.com/JelleAalbers/wimprates/pull/14)
  warnings.warn(
/global/cfs/cdirs/lz/users/rory_m/.conda/envs/flamedisx_revamped/lib/python3.11/site-packages/wimprates/__init__.py:6: UserWarning: Default WIMP parameters are changed in accordance with https://arxiv.org/abs/2105.00599 (github.com/JelleAalbers/wimprates/pull/14)
  warnings.warn(
/global/cfs/cdirs/lz/users/rory_m/.conda/envs/flamedisx_revamped/lib/python3.11/site-packages/wimprates/__init__.py:6: UserWarning: Default WIMP parameters are changed in accordance with https://arxiv.org/abs/2105.00599 (github.com/JelleAalbers/wimprates/pull/14)
  warnings.warn(
/global/cfs/cdirs/lz/users/rory_m/.conda/envs/flamedisx_revamped/lib/python3.11/site-packages/wimprates/__init__.py:6: UserWarning: Default WIMP parameters are changed in accordance with https://arxiv.org/abs/2105.00599 (github.com/JelleAalbers/wimprates/pull/14)
  warnings.warn(
/global/cfs/cdirs/lz/users/rory_m/.conda/envs/flamedisx_revamped/lib/python3.11/site-packages/wimprates/__init__.py:6: UserWarning: Default WIMP parameters are changed in accordance with https://arxiv.org/abs/2105.00599 (github.com/JelleAalbers/wimprates/pull/14)
  warnings.warn(
/global/cfs/cdirs/lz/users/rory_m/.conda/envs/flamedisx_revamped/lib/python3.11/site-packages/wimprates/__init__.py:6: UserWarning: Default WIMP parameters are changed in accordance with https://arxiv.org/abs/2105.00599 (github.com/JelleAalbers/wimprates/pull/14)
  warnings.warn(
/global/cfs/cdirs/lz/users/rory_m/.conda/envs/flamedisx_revamped/lib/python3.11/site-packages/wimprates/__init__.py:6: UserWarning: Default WIMP parameters are changed in accordance with https://arxiv.org/abs/2105.00599 (github.com/JelleAalbers/wimprates/pull/14)
  warnings.warn(
/global/cfs/cdirs/lz/users/rory_m/.conda/envs/flamedisx_revamped/lib/python3.11/site-packages/wimprates/__init__.py:6: UserWarning: Default WIMP parameters are changed in accordance with https://arxiv.org/abs/2105.00599 (github.com/JelleAalbers/wimprates/pull/14)
  warnings.warn(
2026-06-12 09:04:58.213028: E external/local_xla/xla/stream_executor/cuda/cuda_platform.cc:51] failed call to cuInit: INTERNAL: CUDA error: Failed call to cuInit: CUDA_ERROR_NO_DEVICE: no CUDA-capable device is detected
2026-06-12 09:04:58.280911: E external/local_xla/xla/stream_executor/cuda/cuda_platform.cc:51] failed call to cuInit: INTERNAL: CUDA error: Failed call to cuInit: CUDA_ERROR_NO_DEVICE: no CUDA-capable device is detected
2026-06-12 09:04:58.285733: E external/local_xla/xla/stream_executor/cuda/cuda_platform.cc:51] failed call to cuInit: INTERNAL: CUDA error: Failed call to cuInit: CUDA_ERROR_NO_DEVICE: no CUDA-capable device is detected
2026-06-12 09:04:58.334122: E external/local_xla/xla/stream_executor/cuda/cuda_platform.cc:51] failed call to cuInit: INTERNAL: CUDA error: Failed call to cuInit: CUDA_ERROR_NO_DEVICE: no CUDA-capable device is detected
2026-06-12 09:04:58.461067: E external/local_xla/xla/stream_executor/cuda/cuda_platform.cc:51] failed call to cuInit: INTERNAL: CUDA error: Failed call to cuInit: CUDA_ERROR_NO_DEVICE: no CUDA-capable device is detected
2026-06-12 09:04:58.658018: E external/local_xla/xla/stream_executor/cuda/cuda_platform.cc:51] failed call to cuInit: INTERNAL: CUDA error: Failed call to cuInit: CUDA_ERROR_NO_DEVICE: no CUDA-capable device is detected
2026-06-12 09:04:58.686698: E external/local_xla/xla/stream_executor/cuda/cuda_platform.cc:51] failed call to cuInit: INTERNAL: CUDA error: Failed call to cuInit: CUDA_ERROR_NO_DEVICE: no CUDA-capable device is detected
2026-06-12 09:04:58.714210: E external/local_xla/xla/stream_executor/cuda/cuda_platform.cc:51] failed call to cuInit: INTERNAL: CUDA error: Failed call to cuInit: CUDA_ERROR_NO_DEVICE: no CUDA-capable device is detected
2026-06-12 09:04:58.714283: E external/local_xla/xla/stream_executor/cuda/cuda_platform.cc:51] failed call to cuInit: INTERNAL: CUDA error: Failed call to cuInit: CUDA_ERROR_NO_DEVICE: no CUDA-capable device is detected
2026-06-12 09:04:58.717593: E external/local_xla/xla/stream_executor/cuda/cuda_platform.cc:51] failed call to cuInit: INTERNAL: CUDA error: Failed call to cuInit: CUDA_ERROR_NO_DEVICE: no CUDA-capable device is detected
2026-06-12 09:04:58.805771: E external/local_xla/xla/stream_executor/cuda/cuda_platform.cc:51] failed call to cuInit: INTERNAL: CUDA error: Failed call to cuInit: CUDA_ERROR_NO_DEVICE: no CUDA-capable device is detected
2026-06-12 09:04:58.880249: E external/local_xla/xla/stream_executor/cuda/cuda_platform.cc:51] failed call to cuInit: INTERNAL: CUDA error: Failed call to cuInit: CUDA_ERROR_NO_DEVICE: no CUDA-capable device is detected
2026-06-12 09:04:58.881797: E external/local_xla/xla/stream_executor/cuda/cuda_platform.cc:51] failed call to cuInit: INTERNAL: CUDA error: Failed call to cuInit: CUDA_ERROR_NO_DEVICE: no CUDA-capable device is detected
2026-06-12 09:04:58.923002: E external/local_xla/xla/stream_executor/cuda/cuda_platform.cc:51] failed call to cuInit: INTERNAL: CUDA error: Failed call to cuInit: CUDA_ERROR_NO_DEVICE: no CUDA-capable device is detected
2026-06-12 09:04:58.944950: E external/local_xla/xla/stream_executor/cuda/cuda_platform.cc:51] failed call to cuInit: INTERNAL: CUDA error: Failed call to cuInit: CUDA_ERROR_NO_DEVICE: no CUDA-capable device is detected
2026-06-12 09:04:58.969861: E external/local_xla/xla/stream_executor/cuda/cuda_platform.cc:51] failed call to cuInit: INTERNAL: CUDA error: Failed call to cuInit: CUDA_ERROR_NO_DEVICE: no CUDA-capable device is detected
2026-06-12 09:04:58.980662: E external/local_xla/xla/stream_executor/cuda/cuda_platform.cc:51] failed call to cuInit: INTERNAL: CUDA error: Failed call to cuInit: CUDA_ERROR_NO_DEVICE: no CUDA-capable device is detected
2026-06-12 09:04:58.997745: E external/local_xla/xla/stream_executor/cuda/cuda_platform.cc:51] failed call to cuInit: INTERNAL: CUDA error: Failed call to cuInit: CUDA_ERROR_NO_DEVICE: no CUDA-capable device is detected
2026-06-12 09:04:59.080474: E external/local_xla/xla/stream_executor/cuda/cuda_platform.cc:51] failed call to cuInit: INTERNAL: CUDA error: Failed call to cuInit: CUDA_ERROR_NO_DEVICE: no CUDA-capable device is detected
2026-06-12 09:04:59.096125: E external/local_xla/xla/stream_executor/cuda/cuda_platform.cc:51] failed call to cuInit: INTERNAL: CUDA error: Failed call to cuInit: CUDA_ERROR_NO_DEVICE: no CUDA-capable device is detected
2026-06-12 09:04:59.627926: E external/local_xla/xla/stream_executor/cuda/cuda_platform.cc:51] failed call to cuInit: INTERNAL: CUDA error: Failed call to cuInit: CUDA_ERROR_NO_DEVICE: no CUDA-capable device is detected
2026-06-12 09:04:59.822581: E external/local_xla/xla/stream_executor/cuda/cuda_platform.cc:51] failed call to cuInit: INTERNAL: CUDA error: Failed call to cuInit: CUDA_ERROR_NO_DEVICE: no CUDA-capable device is detected
2026-06-12 09:05:00.061106: E external/local_xla/xla/stream_executor/cuda/cuda_platform.cc:51] failed call to cuInit: INTERNAL: CUDA error: Failed call to cuInit: CUDA_ERROR_NO_DEVICE: no CUDA-capable device is detected
2026-06-12 09:05:00.714986: E external/local_xla/xla/stream_executor/cuda/cuda_platform.cc:51] failed call to cuInit: INTERNAL: CUDA error: Failed call to cuInit: CUDA_ERROR_NO_DEVICE: no CUDA-capable device is detected
2026-06-12 09:05:01.046771: E external/local_xla/xla/stream_executor/cuda/cuda_platform.cc:51] failed call to cuInit: INTERNAL: CUDA error: Failed call to cuInit: CUDA_ERROR_NO_DEVICE: no CUDA-capable device is detected
2026-06-12 09:05:01.064598: E external/local_xla/xla/stream_executor/cuda/cuda_platform.cc:51] failed call to cuInit: INTERNAL: CUDA error: Failed call to cuInit: CUDA_ERROR_NO_DEVICE: no CUDA-capable device is detected
Traceback (most recent call last):
  File "/global/cfs/cdirs/lz/users/rory_m/XLZD/FlameFitSimple/analyses/wimp_sensitivity/../sensitivity/run_routine_sensitivity.py", line 31, in <module>
    likelihood_container = pkl.load(open(args.likelihood, 'rb'))
                                    ^^^^^^^^^^^^^^^^^^^^^^^^^^^
FileNotFoundError: [Errno 2] No such file or directory: 'likelihoods/accidentals/accidentals_200ty.pkl'

During handling of the above exception, another exception occurred:

Traceback (most recent call last):
  File "/global/cfs/cdirs/lz/users/rory_m/XLZD/FlameFitSimple/analyses/wimp_sensitivity/../sensitivity/run_routine_sensitivity.py", line 33, in <module>
    raise RuntimeError("Error opening likelihood container file")
RuntimeError: Error opening likelihood container file
Traceback (most recent call last):
  File "/global/cfs/cdirs/lz/users/rory_m/XLZD/FlameFitSimple/analyses/wimp_sensitivity/../sensitivity/run_routine_sensitivity.py", line 31, in <module>
    likelihood_container = pkl.load(open(args.likelihood, 'rb'))
                                    ^^^^^^^^^^^^^^^^^^^^^^^^^^^
FileNotFoundError: [Errno 2] No such file or directory: 'likelihoods/accidentals/accidentals_200ty.pkl'

During handling of the above exception, another exception occurred:

Traceback (most recent call last):
  File "/global/cfs/cdirs/lz/users/rory_m/XLZD/FlameFitSimple/analyses/wimp_sensitivity/../sensitivity/run_routine_sensitivity.py", line 33, in <module>
Traceback (most recent call last):
  File "/global/cfs/cdirs/lz/users/rory_m/XLZD/FlameFitSimple/analyses/wimp_sensitivity/../sensitivity/run_routine_sensitivity.py", line 31, in <module>
    raise RuntimeError("Error opening likelihood container file")
RuntimeError: Error opening likelihood container file
    likelihood_container = pkl.load(open(args.likelihood, 'rb'))
                                    ^^^^^^^^^^^^^^^^^^^^^^^^^^^
FileNotFoundError: [Errno 2] No such file or directory: 'likelihoods/accidentals/accidentals_200ty.pkl'

During handling of the above exception, another exception occurred:

Traceback (most recent call last):
  File "/global/cfs/cdirs/lz/users/rory_m/XLZD/FlameFitSimple/analyses/wimp_sensitivity/../sensitivity/run_routine_sensitivity.py", line 33, in <module>
    raise RuntimeError("Error opening likelihood container file")
RuntimeError: Error opening likelihood container file
Traceback (most recent call last):
  File "/global/cfs/cdirs/lz/users/rory_m/XLZD/FlameFitSimple/analyses/wimp_sensitivity/../sensitivity/run_routine_sensitivity.py", line 31, in <module>
    likelihood_container = pkl.load(open(args.likelihood, 'rb'))
                                    ^^^^^^^^^^^^^^^^^^^^^^^^^^^
FileNotFoundError: [Errno 2] No such file or directory: 'likelihoods/accidentals/accidentals_200ty.pkl'

During handling of the above exception, another exception occurred:

Traceback (most recent call last):
  File "/global/cfs/cdirs/lz/users/rory_m/XLZD/FlameFitSimple/analyses/wimp_sensitivity/../sensitivity/run_routine_sensitivity.py", line 33, in <module>
    raise RuntimeError("Error opening likelihood container file")
RuntimeError: Error opening likelihood container file
Traceback (most recent call last):
  File "/global/cfs/cdirs/lz/users/rory_m/XLZD/FlameFitSimple/analyses/wimp_sensitivity/../sensitivity/run_routine_sensitivity.py", line 31, in <module>
    likelihood_container = pkl.load(open(args.likelihood, 'rb'))
                                    ^^^^^^^^^^^^^^^^^^^^^^^^^^^
FileNotFoundError: [Errno 2] No such file or directory: 'likelihoods/accidentals/accidentals_200ty.pkl'

During handling of the above exception, another exception occurred:

Traceback (most recent call last):
  File "/global/cfs/cdirs/lz/users/rory_m/XLZD/FlameFitSimple/analyses/wimp_sensitivity/../sensitivity/run_routine_sensitivity.py", line 33, in <module>
    raise RuntimeError("Error opening likelihood container file")
RuntimeError: Error opening likelihood container file
Traceback (most recent call last):
  File "/global/cfs/cdirs/lz/users/rory_m/XLZD/FlameFitSimple/analyses/wimp_sensitivity/../sensitivity/run_routine_sensitivity.py", line 31, in <module>
    likelihood_container = pkl.load(open(args.likelihood, 'rb'))
                                    ^^^^^^^^^^^^^^^^^^^^^^^^^^^
FileNotFoundError: [Errno 2] No such file or directory: 'likelihoods/accidentals/accidentals_200ty.pkl'

During handling of the above exception, another exception occurred:

Traceback (most recent call last):
  File "/global/cfs/cdirs/lz/users/rory_m/XLZD/FlameFitSimple/analyses/wimp_sensitivity/../sensitivity/run_routine_sensitivity.py", line 33, in <module>
Traceback (most recent call last):
  File "/global/cfs/cdirs/lz/users/rory_m/XLZD/FlameFitSimple/analyses/wimp_sensitivity/../sensitivity/run_routine_sensitivity.py", line 31, in <module>
    raise RuntimeError("Error opening likelihood container file")
RuntimeError: Error opening likelihood container file
    likelihood_container = pkl.load(open(args.likelihood, 'rb'))
                                    ^^^^^^^^^^^^^^^^^^^^^^^^^^^
FileNotFoundError: [Errno 2] No such file or directory: 'likelihoods/accidentals/accidentals_200ty.pkl'

During handling of the above exception, another exception occurred:

Traceback (most recent call last):
  File "/global/cfs/cdirs/lz/users/rory_m/XLZD/FlameFitSimple/analyses/wimp_sensitivity/../sensitivity/run_routine_sensitivity.py", line 33, in <module>
    raise RuntimeError("Error opening likelihood container file")
RuntimeError: Error opening likelihood container file
Traceback (most recent call last):
  File "/global/cfs/cdirs/lz/users/rory_m/XLZD/FlameFitSimple/analyses/wimp_sensitivity/../sensitivity/run_routine_sensitivity.py", line 31, in <module>
    likelihood_container = pkl.load(open(args.likelihood, 'rb'))
                                    ^^^^^^^^^^^^^^^^^^^^^^^^^^^
FileNotFoundError: [Errno 2] No such file or directory: 'likelihoods/accidentals/accidentals_200ty.pkl'

During handling of the above exception, another exception occurred:

Traceback (most recent call last):
  File "/global/cfs/cdirs/lz/users/rory_m/XLZD/FlameFitSimple/analyses/wimp_sensitivity/../sensitivity/run_routine_sensitivity.py", line 33, in <module>
    raise RuntimeError("Error opening likelihood container file")
RuntimeError: Error opening likelihood container file
Traceback (most recent call last):
  File "/global/cfs/cdirs/lz/users/rory_m/XLZD/FlameFitSimple/analyses/wimp_sensitivity/../sensitivity/run_routine_sensitivity.py", line 31, in <module>
    likelihood_container = pkl.load(open(args.likelihood, 'rb'))
                                    ^^^^^^^^^^^^^^^^^^^^^^^^^^^
FileNotFoundError: [Errno 2] No such file or directory: 'likelihoods/accidentals/accidentals_200ty.pkl'

During handling of the above exception, another exception occurred:

Traceback (most recent call last):
  File "/global/cfs/cdirs/lz/users/rory_m/XLZD/FlameFitSimple/analyses/wimp_sensitivity/../sensitivity/run_routine_sensitivity.py", line 33, in <module>
    raise RuntimeError("Error opening likelihood container file")
RuntimeError: Error opening likelihood container file
Traceback (most recent call last):
  File "/global/cfs/cdirs/lz/users/rory_m/XLZD/FlameFitSimple/analyses/wimp_sensitivity/../sensitivity/run_routine_sensitivity.py", line 31, in <module>
Traceback (most recent call last):
  File "/global/cfs/cdirs/lz/users/rory_m/XLZD/FlameFitSimple/analyses/wimp_sensitivity/../sensitivity/run_routine_sensitivity.py", line 31, in <module>
Traceback (most recent call last):
  File "/global/cfs/cdirs/lz/users/rory_m/XLZD/FlameFitSimple/analyses/wimp_sensitivity/../sensitivity/run_routine_sensitivity.py", line 31, in <module>
    likelihood_container = pkl.load(open(args.likelihood, 'rb'))
                                    ^^^^^^^^^^^^^^^^^^^^^^^^^^^
FileNotFoundError: [Errno 2] No such file or directory: 'likelihoods/accidentals/accidentals_200ty.pkl'

During handling of the above exception, another exception occurred:

Traceback (most recent call last):
  File "/global/cfs/cdirs/lz/users/rory_m/XLZD/FlameFitSimple/analyses/wimp_sensitivity/../sensitivity/run_routine_sensitivity.py", line 33, in <module>
    likelihood_container = pkl.load(open(args.likelihood, 'rb'))
                                    ^^^^^^^^^^^^^^^^^^^^^^^^^^^
FileNotFoundError: [Errno 2] No such file or directory: 'likelihoods/accidentals/accidentals_200ty.pkl'

During handling of the above exception, another exception occurred:

Traceback (most recent call last):
  File "/global/cfs/cdirs/lz/users/rory_m/XLZD/FlameFitSimple/analyses/wimp_sensitivity/../sensitivity/run_routine_sensitivity.py", line 33, in <module>
    likelihood_container = pkl.load(open(args.likelihood, 'rb'))
                                    ^^^^^^^^^^^^^^^^^^^^^^^^^^^
FileNotFoundError: [Errno 2] No such file or directory: 'likelihoods/accidentals/accidentals_200ty.pkl'

During handling of the above exception, another exception occurred:

Traceback (most recent call last):
  File "/global/cfs/cdirs/lz/users/rory_m/XLZD/FlameFitSimple/analyses/wimp_sensitivity/../sensitivity/run_routine_sensitivity.py", line 33, in <module>
    raise RuntimeError("Error opening likelihood container file")
RuntimeError: Error opening likelihood container file
    raise RuntimeError("Error opening likelihood container file")
RuntimeError: Error opening likelihood container file
    raise RuntimeError("Error opening likelihood container file")
RuntimeError: Error opening likelihood container file
Traceback (most recent call last):
  File "/global/cfs/cdirs/lz/users/rory_m/XLZD/FlameFitSimple/analyses/wimp_sensitivity/../sensitivity/run_routine_sensitivity.py", line 31, in <module>
Traceback (most recent call last):
  File "/global/cfs/cdirs/lz/users/rory_m/XLZD/FlameFitSimple/analyses/wimp_sensitivity/../sensitivity/run_routine_sensitivity.py", line 31, in <module>
Traceback (most recent call last):
  File "/global/cfs/cdirs/lz/users/rory_m/XLZD/FlameFitSimple/analyses/wimp_sensitivity/../sensitivity/run_routine_sensitivity.py", line 31, in <module>
    likelihood_container = pkl.load(open(args.likelihood, 'rb'))
                                    ^^^^^^^^^^^^^^^^^^^^^^^^^^^
FileNotFoundError: [Errno 2] No such file or directory: 'likelihoods/accidentals/accidentals_200ty.pkl'

During handling of the above exception, another exception occurred:

Traceback (most recent call last):
  File "/global/cfs/cdirs/lz/users/rory_m/XLZD/FlameFitSimple/analyses/wimp_sensitivity/../sensitivity/run_routine_sensitivity.py", line 33, in <module>
    likelihood_container = pkl.load(open(args.likelihood, 'rb'))
                                    ^^^^^^^^^^^^^^^^^^^^^^^^^^^
FileNotFoundError: [Errno 2] No such file or directory: 'likelihoods/accidentals/accidentals_200ty.pkl'

During handling of the above exception, another exception occurred:

Traceback (most recent call last):
  File "/global/cfs/cdirs/lz/users/rory_m/XLZD/FlameFitSimple/analyses/wimp_sensitivity/../sensitivity/run_routine_sensitivity.py", line 33, in <module>
    likelihood_container = pkl.load(open(args.likelihood, 'rb'))
                                    ^^^^^^^^^^^^^^^^^^^^^^^^^^^
FileNotFoundError: [Errno 2] No such file or directory: 'likelihoods/accidentals/accidentals_200ty.pkl'

During handling of the above exception, another exception occurred:

Traceback (most recent call last):
  File "/global/cfs/cdirs/lz/users/rory_m/XLZD/FlameFitSimple/analyses/wimp_sensitivity/../sensitivity/run_routine_sensitivity.py", line 33, in <module>
    raise RuntimeError("Error opening likelihood container file")
RuntimeError: Error opening likelihood container file
    raise RuntimeError("Error opening likelihood container file")
RuntimeError: Error opening likelihood container file
    raise RuntimeError("Error opening likelihood container file")
RuntimeError: Error opening likelihood container file
Traceback (most recent call last):
  File "/global/cfs/cdirs/lz/users/rory_m/XLZD/FlameFitSimple/analyses/wimp_sensitivity/../sensitivity/run_routine_sensitivity.py", line 31, in <module>
    likelihood_container = pkl.load(open(args.likelihood, 'rb'))
                                    ^^^^^^^^^^^^^^^^^^^^^^^^^^^
FileNotFoundError: [Errno 2] No such file or directory: 'likelihoods/accidentals/accidentals_200ty.pkl'

During handling of the above exception, another exception occurred:

Traceback (most recent call last):
  File "/global/cfs/cdirs/lz/users/rory_m/XLZD/FlameFitSimple/analyses/wimp_sensitivity/../sensitivity/run_routine_sensitivity.py", line 33, in <module>
    raise RuntimeError("Error opening likelihood container file")
RuntimeError: Error opening likelihood container file
Traceback (most recent call last):
  File "/global/cfs/cdirs/lz/users/rory_m/XLZD/FlameFitSimple/analyses/wimp_sensitivity/../sensitivity/run_routine_sensitivity.py", line 31, in <module>
Traceback (most recent call last):
  File "/global/cfs/cdirs/lz/users/rory_m/XLZD/FlameFitSimple/analyses/wimp_sensitivity/../sensitivity/run_routine_sensitivity.py", line 31, in <module>
Traceback (most recent call last):
  File "/global/cfs/cdirs/lz/users/rory_m/XLZD/FlameFitSimple/analyses/wimp_sensitivity/../sensitivity/run_routine_sensitivity.py", line 31, in <module>
    likelihood_container = pkl.load(open(args.likelihood, 'rb'))
                                    ^^^^^^^^^^^^^^^^^^^^^^^^^^^
FileNotFoundError: [Errno 2] No such file or directory: 'likelihoods/accidentals/accidentals_200ty.pkl'

During handling of the above exception, another exception occurred:

Traceback (most recent call last):
  File "/global/cfs/cdirs/lz/users/rory_m/XLZD/FlameFitSimple/analyses/wimp_sensitivity/../sensitivity/run_routine_sensitivity.py", line 33, in <module>
Traceback (most recent call last):
  File "/global/cfs/cdirs/lz/users/rory_m/XLZD/FlameFitSimple/analyses/wimp_sensitivity/../sensitivity/run_routine_sensitivity.py", line 31, in <module>
Traceback (most recent call last):
  File "/global/cfs/cdirs/lz/users/rory_m/XLZD/FlameFitSimple/analyses/wimp_sensitivity/../sensitivity/run_routine_sensitivity.py", line 31, in <module>
    likelihood_container = pkl.load(open(args.likelihood, 'rb'))
                                    ^^^^^^^^^^^^^^^^^^^^^^^^^^^
FileNotFoundError: [Errno 2] No such file or directory: 'likelihoods/accidentals/accidentals_200ty.pkl'

During handling of the above exception, another exception occurred:

Traceback (most recent call last):
  File "/global/cfs/cdirs/lz/users/rory_m/XLZD/FlameFitSimple/analyses/wimp_sensitivity/../sensitivity/run_routine_sensitivity.py", line 33, in <module>
    likelihood_container = pkl.load(open(args.likelihood, 'rb'))
                                    ^^^^^^^^^^^^^^^^^^^^^^^^^^^
FileNotFoundError: [Errno 2] No such file or directory: 'likelihoods/accidentals/accidentals_200ty.pkl'

During handling of the above exception, another exception occurred:

Traceback (most recent call last):
  File "/global/cfs/cdirs/lz/users/rory_m/XLZD/FlameFitSimple/analyses/wimp_sensitivity/../sensitivity/run_routine_sensitivity.py", line 33, in <module>
    raise RuntimeError("Error opening likelihood container file")
RuntimeError: Error opening likelihood container file
    likelihood_container = pkl.load(open(args.likelihood, 'rb'))
                                    ^^^^^^^^^^^^^^^^^^^^^^^^^^^
FileNotFoundError: [Errno 2] No such file or directory: 'likelihoods/accidentals/accidentals_200ty.pkl'

During handling of the above exception, another exception occurred:

Traceback (most recent call last):
  File "/global/cfs/cdirs/lz/users/rory_m/XLZD/FlameFitSimple/analyses/wimp_sensitivity/../sensitivity/run_routine_sensitivity.py", line 33, in <module>
    likelihood_container = pkl.load(open(args.likelihood, 'rb'))
                                    ^^^^^^^^^^^^^^^^^^^^^^^^^^^
FileNotFoundError: [Errno 2] No such file or directory: 'likelihoods/accidentals/accidentals_200ty.pkl'

During handling of the above exception, another exception occurred:

Traceback (most recent call last):
  File "/global/cfs/cdirs/lz/users/rory_m/XLZD/FlameFitSimple/analyses/wimp_sensitivity/../sensitivity/run_routine_sensitivity.py", line 33, in <module>
    raise RuntimeError("Error opening likelihood container file")
RuntimeError: Error opening likelihood container file
    raise RuntimeError("Error opening likelihood container file")
RuntimeError: Error opening likelihood container file
    raise RuntimeError("Error opening likelihood container file")
RuntimeError: Error opening likelihood container file
Traceback (most recent call last):
  File "/global/cfs/cdirs/lz/users/rory_m/XLZD/FlameFitSimple/analyses/wimp_sensitivity/../sensitivity/run_routine_sensitivity.py", line 31, in <module>
Traceback (most recent call last):
  File "/global/cfs/cdirs/lz/users/rory_m/XLZD/FlameFitSimple/analyses/wimp_sensitivity/../sensitivity/run_routine_sensitivity.py", line 31, in <module>
Traceback (most recent call last):
  File "/global/cfs/cdirs/lz/users/rory_m/XLZD/FlameFitSimple/analyses/wimp_sensitivity/../sensitivity/run_routine_sensitivity.py", line 31, in <module>
    raise RuntimeError("Error opening likelihood container file")
RuntimeError: Error opening likelihood container file
    likelihood_container = pkl.load(open(args.likelihood, 'rb'))
                                    ^^^^^^^^^^^^^^^^^^^^^^^^^^^
FileNotFoundError: [Errno 2] No such file or directory: 'likelihoods/accidentals/accidentals_200ty.pkl'

During handling of the above exception, another exception occurred:

Traceback (most recent call last):
  File "/global/cfs/cdirs/lz/users/rory_m/XLZD/FlameFitSimple/analyses/wimp_sensitivity/../sensitivity/run_routine_sensitivity.py", line 33, in <module>
    raise RuntimeError("Error opening likelihood container file")
RuntimeError: Error opening likelihood container file
    likelihood_container = pkl.load(open(args.likelihood, 'rb'))
                                    ^^^^^^^^^^^^^^^^^^^^^^^^^^^
FileNotFoundError: [Errno 2] No such file or directory: 'likelihoods/accidentals/accidentals_200ty.pkl'

During handling of the above exception, another exception occurred:

Traceback (most recent call last):
  File "/global/cfs/cdirs/lz/users/rory_m/XLZD/FlameFitSimple/analyses/wimp_sensitivity/../sensitivity/run_routine_sensitivity.py", line 33, in <module>
    likelihood_container = pkl.load(open(args.likelihood, 'rb'))
                                    ^^^^^^^^^^^^^^^^^^^^^^^^^^^
FileNotFoundError: [Errno 2] No such file or directory: 'likelihoods/accidentals/accidentals_200ty.pkl'

During handling of the above exception, another exception occurred:

Traceback (most recent call last):
  File "/global/cfs/cdirs/lz/users/rory_m/XLZD/FlameFitSimple/analyses/wimp_sensitivity/../sensitivity/run_routine_sensitivity.py", line 33, in <module>
    raise RuntimeError("Error opening likelihood container file")
RuntimeError: Error opening likelihood container file
    raise RuntimeError("Error opening likelihood container file")
RuntimeError: Error opening likelihood container file
Traceback (most recent call last):
  File "/global/cfs/cdirs/lz/users/rory_m/XLZD/FlameFitSimple/analyses/wimp_sensitivity/../sensitivity/run_routine_sensitivity.py", line 31, in <module>
    likelihood_container = pkl.load(open(args.likelihood, 'rb'))
                                    ^^^^^^^^^^^^^^^^^^^^^^^^^^^
FileNotFoundError: [Errno 2] No such file or directory: 'likelihoods/accidentals/accidentals_200ty.pkl'

During handling of the above exception, another exception occurred:

Traceback (most recent call last):
  File "/global/cfs/cdirs/lz/users/rory_m/XLZD/FlameFitSimple/analyses/wimp_sensitivity/../sensitivity/run_routine_sensitivity.py", line 33, in <module>
Traceback (most recent call last):
  File "/global/cfs/cdirs/lz/users/rory_m/XLZD/FlameFitSimple/analyses/wimp_sensitivity/../sensitivity/run_routine_sensitivity.py", line 31, in <module>
Traceback (most recent call last):
  File "/global/cfs/cdirs/lz/users/rory_m/XLZD/FlameFitSimple/analyses/wimp_sensitivity/../sensitivity/run_routine_sensitivity.py", line 31, in <module>
    likelihood_container = pkl.load(open(args.likelihood, 'rb'))
                                    ^^^^^^^^^^^^^^^^^^^^^^^^^^^
FileNotFoundError: [Errno 2] No such file or directory: 'likelihoods/accidentals/accidentals_200ty.pkl'

During handling of the above exception, another exception occurred:

Traceback (most recent call last):
  File "/global/cfs/cdirs/lz/users/rory_m/XLZD/FlameFitSimple/analyses/wimp_sensitivity/../sensitivity/run_routine_sensitivity.py", line 33, in <module>
    likelihood_container = pkl.load(open(args.likelihood, 'rb'))
                                    ^^^^^^^^^^^^^^^^^^^^^^^^^^^
FileNotFoundError: [Errno 2] No such file or directory: 'likelihoods/accidentals/accidentals_200ty.pkl'

During handling of the above exception, another exception occurred:

Traceback (most recent call last):
  File "/global/cfs/cdirs/lz/users/rory_m/XLZD/FlameFitSimple/analyses/wimp_sensitivity/../sensitivity/run_routine_sensitivity.py", line 33, in <module>
    raise RuntimeError("Error opening likelihood container file")
RuntimeError: Error opening likelihood container file
Traceback (most recent call last):
  File "/global/cfs/cdirs/lz/users/rory_m/XLZD/FlameFitSimple/analyses/wimp_sensitivity/../sensitivity/run_routine_sensitivity.py", line 31, in <module>
Traceback (most recent call last):
  File "/global/cfs/cdirs/lz/users/rory_m/XLZD/FlameFitSimple/analyses/wimp_sensitivity/../sensitivity/run_routine_sensitivity.py", line 31, in <module>
    raise RuntimeError("Error opening likelihood container file")
RuntimeError: Error opening likelihood container file
    likelihood_container = pkl.load(open(args.likelihood, 'rb'))
                                    ^^^^^^^^^^^^^^^^^^^^^^^^^^^
FileNotFoundError: [Errno 2] No such file or directory: 'likelihoods/accidentals/accidentals_200ty.pkl'

During handling of the above exception, another exception occurred:

Traceback (most recent call last):
  File "/global/cfs/cdirs/lz/users/rory_m/XLZD/FlameFitSimple/analyses/wimp_sensitivity/../sensitivity/run_routine_sensitivity.py", line 33, in <module>
    likelihood_container = pkl.load(open(args.likelihood, 'rb'))
                                    ^^^^^^^^^^^^^^^^^^^^^^^^^^^
FileNotFoundError: [Errno 2] No such file or directory: 'likelihoods/accidentals/accidentals_200ty.pkl'

During handling of the above exception, another exception occurred:

Traceback (most recent call last):
  File "/global/cfs/cdirs/lz/users/rory_m/XLZD/FlameFitSimple/analyses/wimp_sensitivity/../sensitivity/run_routine_sensitivity.py", line 33, in <module>
    raise RuntimeError("Error opening likelihood container file")
RuntimeError: Error opening likelihood container file
Traceback (most recent call last):
  File "/global/cfs/cdirs/lz/users/rory_m/XLZD/FlameFitSimple/analyses/wimp_sensitivity/../sensitivity/run_routine_sensitivity.py", line 31, in <module>
    raise RuntimeError("Error opening likelihood container file")
RuntimeError: Error opening likelihood container file
    likelihood_container = pkl.load(open(args.likelihood, 'rb'))
                                    ^^^^^^^^^^^^^^^^^^^^^^^^^^^
FileNotFoundError: [Errno 2] No such file or directory: 'likelihoods/accidentals/accidentals_200ty.pkl'

During handling of the above exception, another exception occurred:

Traceback (most recent call last):
  File "/global/cfs/cdirs/lz/users/rory_m/XLZD/FlameFitSimple/analyses/wimp_sensitivity/../sensitivity/run_routine_sensitivity.py", line 33, in <module>
    raise RuntimeError("Error opening likelihood container file")
RuntimeError: Error opening likelihood container file
    raise RuntimeError("Error opening likelihood container file")
RuntimeError: Error opening likelihood container file
Traceback (most recent call last):
  File "/global/cfs/cdirs/lz/users/rory_m/XLZD/FlameFitSimple/analyses/wimp_sensitivity/../sensitivity/run_routine_sensitivity.py", line 31, in <module>
Traceback (most recent call last):
  File "/global/cfs/cdirs/lz/users/rory_m/XLZD/FlameFitSimple/analyses/wimp_sensitivity/../sensitivity/run_routine_sensitivity.py", line 31, in <module>
    likelihood_container = pkl.load(open(args.likelihood, 'rb'))
                                    ^^^^^^^^^^^^^^^^^^^^^^^^^^^
FileNotFoundError: [Errno 2] No such file or directory: 'likelihoods/accidentals/accidentals_200ty.pkl'

During handling of the above exception, another exception occurred:

Traceback (most recent call last):
  File "/global/cfs/cdirs/lz/users/rory_m/XLZD/FlameFitSimple/analyses/wimp_sensitivity/../sensitivity/run_routine_sensitivity.py", line 33, in <module>
    likelihood_container = pkl.load(open(args.likelihood, 'rb'))
                                    ^^^^^^^^^^^^^^^^^^^^^^^^^^^
FileNotFoundError: [Errno 2] No such file or directory: 'likelihoods/accidentals/accidentals_200ty.pkl'

During handling of the above exception, another exception occurred:

Traceback (most recent call last):
  File "/global/cfs/cdirs/lz/users/rory_m/XLZD/FlameFitSimple/analyses/wimp_sensitivity/../sensitivity/run_routine_sensitivity.py", line 33, in <module>
    raise RuntimeError("Error opening likelihood container file")
RuntimeError: Error opening likelihood container file
    raise RuntimeError("Error opening likelihood container file")
RuntimeError: Error opening likelihood container file
Traceback (most recent call last):
  File "/global/cfs/cdirs/lz/users/rory_m/XLZD/FlameFitSimple/analyses/wimp_sensitivity/../sensitivity/run_routine_sensitivity.py", line 31, in <module>
Traceback (most recent call last):
  File "/global/cfs/cdirs/lz/users/rory_m/XLZD/FlameFitSimple/analyses/wimp_sensitivity/../sensitivity/run_routine_sensitivity.py", line 31, in <module>
    likelihood_container = pkl.load(open(args.likelihood, 'rb'))
                                    ^^^^^^^^^^^^^^^^^^^^^^^^^^^
FileNotFoundError: [Errno 2] No such file or directory: 'likelihoods/accidentals/accidentals_200ty.pkl'

During handling of the above exception, another exception occurred:

Traceback (most recent call last):
  File "/global/cfs/cdirs/lz/users/rory_m/XLZD/FlameFitSimple/analyses/wimp_sensitivity/../sensitivity/run_routine_sensitivity.py", line 33, in <module>
Traceback (most recent call last):
  File "/global/cfs/cdirs/lz/users/rory_m/XLZD/FlameFitSimple/analyses/wimp_sensitivity/../sensitivity/run_routine_sensitivity.py", line 31, in <module>
Traceback (most recent call last):
  File "/global/cfs/cdirs/lz/users/rory_m/XLZD/FlameFitSimple/analyses/wimp_sensitivity/../sensitivity/run_routine_sensitivity.py", line 31, in <module>
Traceback (most recent call last):
  File "/global/cfs/cdirs/lz/users/rory_m/XLZD/FlameFitSimple/analyses/wimp_sensitivity/../sensitivity/run_routine_sensitivity.py", line 31, in <module>
Traceback (most recent call last):
  File "/global/cfs/cdirs/lz/users/rory_m/XLZD/FlameFitSimple/analyses/wimp_sensitivity/../sensitivity/run_routine_sensitivity.py", line 31, in <module>
Traceback (most recent call last):
  File "/global/cfs/cdirs/lz/users/rory_m/XLZD/FlameFitSimple/analyses/wimp_sensitivity/../sensitivity/run_routine_sensitivity.py", line 31, in <module>
Traceback (most recent call last):
  File "/global/cfs/cdirs/lz/users/rory_m/XLZD/FlameFitSimple/analyses/wimp_sensitivity/../sensitivity/run_routine_sensitivity.py", line 31, in <module>
Traceback (most recent call last):
  File "/global/cfs/cdirs/lz/users/rory_m/XLZD/FlameFitSimple/analyses/wimp_sensitivity/../sensitivity/run_routine_sensitivity.py", line 31, in <module>
    likelihood_container = pkl.load(open(args.likelihood, 'rb'))
                                    ^^^^^^^^^^^^^^^^^^^^^^^^^^^
FileNotFoundError: [Errno 2] No such file or directory: 'likelihoods/accidentals/accidentals_200ty.pkl'

During handling of the above exception, another exception occurred:

Traceback (most recent call last):
  File "/global/cfs/cdirs/lz/users/rory_m/XLZD/FlameFitSimple/analyses/wimp_sensitivity/../sensitivity/run_routine_sensitivity.py", line 33, in <module>
    likelihood_container = pkl.load(open(args.likelihood, 'rb'))
                                    ^^^^^^^^^^^^^^^^^^^^^^^^^^^
FileNotFoundError: [Errno 2] No such file or directory: 'likelihoods/accidentals/accidentals_200ty.pkl'

During handling of the above exception, another exception occurred:

Traceback (most recent call last):
  File "/global/cfs/cdirs/lz/users/rory_m/XLZD/FlameFitSimple/analyses/wimp_sensitivity/../sensitivity/run_routine_sensitivity.py", line 33, in <module>
    raise RuntimeError("Error opening likelihood container file")
RuntimeError: Error opening likelihood container file
    likelihood_container = pkl.load(open(args.likelihood, 'rb'))
                                    ^^^^^^^^^^^^^^^^^^^^^^^^^^^
FileNotFoundError: [Errno 2] No such file or directory: 'likelihoods/accidentals/accidentals_200ty.pkl'

During handling of the above exception, another exception occurred:

Traceback (most recent call last):
  File "/global/cfs/cdirs/lz/users/rory_m/XLZD/FlameFitSimple/analyses/wimp_sensitivity/../sensitivity/run_routine_sensitivity.py", line 33, in <module>
Traceback (most recent call last):
  File "/global/cfs/cdirs/lz/users/rory_m/XLZD/FlameFitSimple/analyses/wimp_sensitivity/../sensitivity/run_routine_sensitivity.py", line 31, in <module>
Traceback (most recent call last):
  File "/global/cfs/cdirs/lz/users/rory_m/XLZD/FlameFitSimple/analyses/wimp_sensitivity/../sensitivity/run_routine_sensitivity.py", line 31, in <module>
    likelihood_container = pkl.load(open(args.likelihood, 'rb'))
                                    ^^^^^^^^^^^^^^^^^^^^^^^^^^^
FileNotFoundError: [Errno 2] No such file or directory: 'likelihoods/accidentals/accidentals_200ty.pkl'

During handling of the above exception, another exception occurred:

Traceback (most recent call last):
  File "/global/cfs/cdirs/lz/users/rory_m/XLZD/FlameFitSimple/analyses/wimp_sensitivity/../sensitivity/run_routine_sensitivity.py", line 33, in <module>
    likelihood_container = pkl.load(open(args.likelihood, 'rb'))
                                    ^^^^^^^^^^^^^^^^^^^^^^^^^^^
FileNotFoundError: [Errno 2] No such file or directory: 'likelihoods/accidentals/accidentals_200ty.pkl'

During handling of the above exception, another exception occurred:

Traceback (most recent call last):
  File "/global/cfs/cdirs/lz/users/rory_m/XLZD/FlameFitSimple/analyses/wimp_sensitivity/../sensitivity/run_routine_sensitivity.py", line 33, in <module>
    likelihood_container = pkl.load(open(args.likelihood, 'rb'))
                                    ^^^^^^^^^^^^^^^^^^^^^^^^^^^
FileNotFoundError: [Errno 2] No such file or directory: 'likelihoods/accidentals/accidentals_200ty.pkl'

During handling of the above exception, another exception occurred:

Traceback (most recent call last):
  File "/global/cfs/cdirs/lz/users/rory_m/XLZD/FlameFitSimple/analyses/wimp_sensitivity/../sensitivity/run_routine_sensitivity.py", line 33, in <module>
    likelihood_container = pkl.load(open(args.likelihood, 'rb'))
                                    ^^^^^^^^^^^^^^^^^^^^^^^^^^^
FileNotFoundError: [Errno 2] No such file or directory: 'likelihoods/accidentals/accidentals_200ty.pkl'

During handling of the above exception, another exception occurred:

Traceback (most recent call last):
  File "/global/cfs/cdirs/lz/users/rory_m/XLZD/FlameFitSimple/analyses/wimp_sensitivity/../sensitivity/run_routine_sensitivity.py", line 33, in <module>
    likelihood_container = pkl.load(open(args.likelihood, 'rb'))
                                    ^^^^^^^^^^^^^^^^^^^^^^^^^^^
FileNotFoundError: [Errno 2] No such file or directory: 'likelihoods/accidentals/accidentals_200ty.pkl'

During handling of the above exception, another exception occurred:

Traceback (most recent call last):
  File "/global/cfs/cdirs/lz/users/rory_m/XLZD/FlameFitSimple/analyses/wimp_sensitivity/../sensitivity/run_routine_sensitivity.py", line 33, in <module>
    raise RuntimeError("Error opening likelihood container file")
RuntimeError: Error opening likelihood container file
    likelihood_container = pkl.load(open(args.likelihood, 'rb'))
                                    ^^^^^^^^^^^^^^^^^^^^^^^^^^^
FileNotFoundError: [Errno 2] No such file or directory: 'likelihoods/accidentals/accidentals_200ty.pkl'

During handling of the above exception, another exception occurred:

Traceback (most recent call last):
  File "/global/cfs/cdirs/lz/users/rory_m/XLZD/FlameFitSimple/analyses/wimp_sensitivity/../sensitivity/run_routine_sensitivity.py", line 33, in <module>
    raise RuntimeError("Error opening likelihood container file")
RuntimeError: Error opening likelihood container file
    likelihood_container = pkl.load(open(args.likelihood, 'rb'))
                                    ^^^^^^^^^^^^^^^^^^^^^^^^^^^
FileNotFoundError: [Errno 2] No such file or directory: 'likelihoods/accidentals/accidentals_200ty.pkl'

During handling of the above exception, another exception occurred:

Traceback (most recent call last):
  File "/global/cfs/cdirs/lz/users/rory_m/XLZD/FlameFitSimple/analyses/wimp_sensitivity/../sensitivity/run_routine_sensitivity.py", line 33, in <module>
    raise RuntimeError("Error opening likelihood container file")
RuntimeError: Error opening likelihood container file
    raise RuntimeError("Error opening likelihood container file")
RuntimeError: Error opening likelihood container file
    raise RuntimeError("Error opening likelihood container file")
RuntimeError: Error opening likelihood container file
    raise RuntimeError("Error opening likelihood container file")
RuntimeError: Error opening likelihood container file
    raise RuntimeError("Error opening likelihood container file")
RuntimeError: Error opening likelihood container file
    raise RuntimeError("Error opening likelihood container file")
RuntimeError: Error opening likelihood container file
    raise RuntimeError("Error opening likelihood container file")
RuntimeError: Error opening likelihood container file
    raise RuntimeError("Error opening likelihood container file")
RuntimeError: Error opening likelihood container file
Traceback (most recent call last):
  File "/global/cfs/cdirs/lz/users/rory_m/XLZD/FlameFitSimple/analyses/wimp_sensitivity/../sensitivity/run_routine_sensitivity.py", line 31, in <module>
Traceback (most recent call last):
  File "/global/cfs/cdirs/lz/users/rory_m/XLZD/FlameFitSimple/analyses/wimp_sensitivity/../sensitivity/run_routine_sensitivity.py", line 31, in <module>
    likelihood_container = pkl.load(open(args.likelihood, 'rb'))
                                    ^^^^^^^^^^^^^^^^^^^^^^^^^^^
FileNotFoundError: [Errno 2] No such file or directory: 'likelihoods/accidentals/accidentals_200ty.pkl'

During handling of the above exception, another exception occurred:

Traceback (most recent call last):
  File "/global/cfs/cdirs/lz/users/rory_m/XLZD/FlameFitSimple/analyses/wimp_sensitivity/../sensitivity/run_routine_sensitivity.py", line 33, in <module>
Traceback (most recent call last):
  File "/global/cfs/cdirs/lz/users/rory_m/XLZD/FlameFitSimple/analyses/wimp_sensitivity/../sensitivity/run_routine_sensitivity.py", line 31, in <module>
    likelihood_container = pkl.load(open(args.likelihood, 'rb'))
                                    ^^^^^^^^^^^^^^^^^^^^^^^^^^^
FileNotFoundError: [Errno 2] No such file or directory: 'likelihoods/accidentals/accidentals_200ty.pkl'

During handling of the above exception, another exception occurred:

Traceback (most recent call last):
  File "/global/cfs/cdirs/lz/users/rory_m/XLZD/FlameFitSimple/analyses/wimp_sensitivity/../sensitivity/run_routine_sensitivity.py", line 33, in <module>
Traceback (most recent call last):
  File "/global/cfs/cdirs/lz/users/rory_m/XLZD/FlameFitSimple/analyses/wimp_sensitivity/../sensitivity/run_routine_sensitivity.py", line 31, in <module>
    likelihood_container = pkl.load(open(args.likelihood, 'rb'))
                                    ^^^^^^^^^^^^^^^^^^^^^^^^^^^
FileNotFoundError: [Errno 2] No such file or directory: 'likelihoods/accidentals/accidentals_200ty.pkl'

During handling of the above exception, another exception occurred:

Traceback (most recent call last):
  File "/global/cfs/cdirs/lz/users/rory_m/XLZD/FlameFitSimple/analyses/wimp_sensitivity/../sensitivity/run_routine_sensitivity.py", line 33, in <module>
    raise RuntimeError("Error opening likelihood container file")
RuntimeError: Error opening likelihood container file
    likelihood_container = pkl.load(open(args.likelihood, 'rb'))
                                    ^^^^^^^^^^^^^^^^^^^^^^^^^^^
FileNotFoundError: [Errno 2] No such file or directory: 'likelihoods/accidentals/accidentals_200ty.pkl'

During handling of the above exception, another exception occurred:

Traceback (most recent call last):
  File "/global/cfs/cdirs/lz/users/rory_m/XLZD/FlameFitSimple/analyses/wimp_sensitivity/../sensitivity/run_routine_sensitivity.py", line 33, in <module>
    raise RuntimeError("Error opening likelihood container file")
RuntimeError: Error opening likelihood container file
    raise RuntimeError("Error opening likelihood container file")
RuntimeError: Error opening likelihood container file
    raise RuntimeError("Error opening likelihood container file")
RuntimeError: Error opening likelihood container file
Traceback (most recent call last):
  File "/global/cfs/cdirs/lz/users/rory_m/XLZD/FlameFitSimple/analyses/wimp_sensitivity/../sensitivity/run_routine_sensitivity.py", line 31, in <module>
    likelihood_container = pkl.load(open(args.likelihood, 'rb'))
                                    ^^^^^^^^^^^^^^^^^^^^^^^^^^^
FileNotFoundError: [Errno 2] No such file or directory: 'likelihoods/accidentals/accidentals_200ty.pkl'

During handling of the above exception, another exception occurred:

Traceback (most recent call last):
  File "/global/cfs/cdirs/lz/users/rory_m/XLZD/FlameFitSimple/analyses/wimp_sensitivity/../sensitivity/run_routine_sensitivity.py", line 33, in <module>
Traceback (most recent call last):
  File "/global/cfs/cdirs/lz/users/rory_m/XLZD/FlameFitSimple/analyses/wimp_sensitivity/../sensitivity/run_routine_sensitivity.py", line 31, in <module>
    raise RuntimeError("Error opening likelihood container file")
RuntimeError: Error opening likelihood container file
Traceback (most recent call last):
  File "/global/cfs/cdirs/lz/users/rory_m/XLZD/FlameFitSimple/analyses/wimp_sensitivity/../sensitivity/run_routine_sensitivity.py", line 31, in <module>
    likelihood_container = pkl.load(open(args.likelihood, 'rb'))
                                    ^^^^^^^^^^^^^^^^^^^^^^^^^^^
FileNotFoundError: [Errno 2] No such file or directory: 'likelihoods/accidentals/accidentals_200ty.pkl'

During handling of the above exception, another exception occurred:

Traceback (most recent call last):
  File "/global/cfs/cdirs/lz/users/rory_m/XLZD/FlameFitSimple/analyses/wimp_sensitivity/../sensitivity/run_routine_sensitivity.py", line 33, in <module>
    likelihood_container = pkl.load(open(args.likelihood, 'rb'))
                                    ^^^^^^^^^^^^^^^^^^^^^^^^^^^
FileNotFoundError: [Errno 2] No such file or directory: 'likelihoods/accidentals/accidentals_200ty.pkl'

During handling of the above exception, another exception occurred:

Traceback (most recent call last):
  File "/global/cfs/cdirs/lz/users/rory_m/XLZD/FlameFitSimple/analyses/wimp_sensitivity/../sensitivity/run_routine_sensitivity.py", line 33, in <module>
    raise RuntimeError("Error opening likelihood container file")
RuntimeError: Error opening likelihood container file
    raise RuntimeError("Error opening likelihood container file")
RuntimeError: Error opening likelihood container file
Traceback (most recent call last):
  File "/global/cfs/cdirs/lz/users/rory_m/XLZD/FlameFitSimple/analyses/wimp_sensitivity/../sensitivity/run_routine_sensitivity.py", line 31, in <module>
Traceback (most recent call last):
  File "/global/cfs/cdirs/lz/users/rory_m/XLZD/FlameFitSimple/analyses/wimp_sensitivity/../sensitivity/run_routine_sensitivity.py", line 31, in <module>
    likelihood_container = pkl.load(open(args.likelihood, 'rb'))
                                    ^^^^^^^^^^^^^^^^^^^^^^^^^^^
FileNotFoundError: [Errno 2] No such file or directory: 'likelihoods/accidentals/accidentals_200ty.pkl'

During handling of the above exception, another exception occurred:

Traceback (most recent call last):
  File "/global/cfs/cdirs/lz/users/rory_m/XLZD/FlameFitSimple/analyses/wimp_sensitivity/../sensitivity/run_routine_sensitivity.py", line 33, in <module>
Traceback (most recent call last):
  File "/global/cfs/cdirs/lz/users/rory_m/XLZD/FlameFitSimple/analyses/wimp_sensitivity/../sensitivity/run_routine_sensitivity.py", line 31, in <module>
Traceback (most recent call last):
  File "/global/cfs/cdirs/lz/users/rory_m/XLZD/FlameFitSimple/analyses/wimp_sensitivity/../sensitivity/run_routine_sensitivity.py", line 31, in <module>
Traceback (most recent call last):
  File "/global/cfs/cdirs/lz/users/rory_m/XLZD/FlameFitSimple/analyses/wimp_sensitivity/../sensitivity/run_routine_sensitivity.py", line 31, in <module>
Traceback (most recent call last):
  File "/global/cfs/cdirs/lz/users/rory_m/XLZD/FlameFitSimple/analyses/wimp_sensitivity/../sensitivity/run_routine_sensitivity.py", line 31, in <module>
    likelihood_container = pkl.load(open(args.likelihood, 'rb'))
                                    ^^^^^^^^^^^^^^^^^^^^^^^^^^^
FileNotFoundError: [Errno 2] No such file or directory: 'likelihoods/accidentals/accidentals_200ty.pkl'

During handling of the above exception, another exception occurred:

Traceback (most recent call last):
  File "/global/cfs/cdirs/lz/users/rory_m/XLZD/FlameFitSimple/analyses/wimp_sensitivity/../sensitivity/run_routine_sensitivity.py", line 33, in <module>
Traceback (most recent call last):
  File "/global/cfs/cdirs/lz/users/rory_m/XLZD/FlameFitSimple/analyses/wimp_sensitivity/../sensitivity/run_routine_sensitivity.py", line 31, in <module>
    likelihood_container = pkl.load(open(args.likelihood, 'rb'))
                                    ^^^^^^^^^^^^^^^^^^^^^^^^^^^
FileNotFoundError: [Errno 2] No such file or directory: 'likelihoods/accidentals/accidentals_200ty.pkl'

During handling of the above exception, another exception occurred:

Traceback (most recent call last):
  File "/global/cfs/cdirs/lz/users/rory_m/XLZD/FlameFitSimple/analyses/wimp_sensitivity/../sensitivity/run_routine_sensitivity.py", line 33, in <module>
Traceback (most recent call last):
  File "/global/cfs/cdirs/lz/users/rory_m/XLZD/FlameFitSimple/analyses/wimp_sensitivity/../sensitivity/run_routine_sensitivity.py", line 31, in <module>
Traceback (most recent call last):
  File "/global/cfs/cdirs/lz/users/rory_m/XLZD/FlameFitSimple/analyses/wimp_sensitivity/../sensitivity/run_routine_sensitivity.py", line 31, in <module>
Traceback (most recent call last):
  File "/global/cfs/cdirs/lz/users/rory_m/XLZD/FlameFitSimple/analyses/wimp_sensitivity/../sensitivity/run_routine_sensitivity.py", line 31, in <module>
Traceback (most recent call last):
  File "/global/cfs/cdirs/lz/users/rory_m/XLZD/FlameFitSimple/analyses/wimp_sensitivity/../sensitivity/run_routine_sensitivity.py", line 31, in <module>
Traceback (most recent call last):
  File "/global/cfs/cdirs/lz/users/rory_m/XLZD/FlameFitSimple/analyses/wimp_sensitivity/../sensitivity/run_routine_sensitivity.py", line 31, in <module>
    likelihood_container = pkl.load(open(args.likelihood, 'rb'))
                                    ^^^^^^^^^^^^^^^^^^^^^^^^^^^
FileNotFoundError: [Errno 2] No such file or directory: 'likelihoods/accidentals/accidentals_200ty.pkl'

During handling of the above exception, another exception occurred:

Traceback (most recent call last):
  File "/global/cfs/cdirs/lz/users/rory_m/XLZD/FlameFitSimple/analyses/wimp_sensitivity/../sensitivity/run_routine_sensitivity.py", line 33, in <module>
Traceback (most recent call last):
  File "/global/cfs/cdirs/lz/users/rory_m/XLZD/FlameFitSimple/analyses/wimp_sensitivity/../sensitivity/run_routine_sensitivity.py", line 31, in <module>
    likelihood_container = pkl.load(open(args.likelihood, 'rb'))
                                    ^^^^^^^^^^^^^^^^^^^^^^^^^^^
FileNotFoundError: [Errno 2] No such file or directory: 'likelihoods/accidentals/accidentals_200ty.pkl'

During handling of the above exception, another exception occurred:

Traceback (most recent call last):
  File "/global/cfs/cdirs/lz/users/rory_m/XLZD/FlameFitSimple/analyses/wimp_sensitivity/../sensitivity/run_routine_sensitivity.py", line 33, in <module>
Traceback (most recent call last):
  File "/global/cfs/cdirs/lz/users/rory_m/XLZD/FlameFitSimple/analyses/wimp_sensitivity/../sensitivity/run_routine_sensitivity.py", line 31, in <module>
    raise RuntimeError("Error opening likelihood container file")
RuntimeError: Error opening likelihood container file
    likelihood_container = pkl.load(open(args.likelihood, 'rb'))
                                    ^^^^^^^^^^^^^^^^^^^^^^^^^^^
FileNotFoundError: [Errno 2] No such file or directory: 'likelihoods/accidentals/accidentals_200ty.pkl'

During handling of the above exception, another exception occurred:

Traceback (most recent call last):
  File "/global/cfs/cdirs/lz/users/rory_m/XLZD/FlameFitSimple/analyses/wimp_sensitivity/../sensitivity/run_routine_sensitivity.py", line 33, in <module>
Traceback (most recent call last):
  File "/global/cfs/cdirs/lz/users/rory_m/XLZD/FlameFitSimple/analyses/wimp_sensitivity/../sensitivity/run_routine_sensitivity.py", line 31, in <module>
    raise RuntimeError("Error opening likelihood container file")
RuntimeError: Error opening likelihood container file
    raise RuntimeError("Error opening likelihood container file")
RuntimeError: Error opening likelihood container file
    likelihood_container = pkl.load(open(args.likelihood, 'rb'))
                                    ^^^^^^^^^^^^^^^^^^^^^^^^^^^
FileNotFoundError: [Errno 2] No such file or directory: 'likelihoods/accidentals/accidentals_200ty.pkl'

During handling of the above exception, another exception occurred:

Traceback (most recent call last):
  File "/global/cfs/cdirs/lz/users/rory_m/XLZD/FlameFitSimple/analyses/wimp_sensitivity/../sensitivity/run_routine_sensitivity.py", line 33, in <module>
    raise RuntimeError("Error opening likelihood container file")
RuntimeError: Error opening likelihood container file
    likelihood_container = pkl.load(open(args.likelihood, 'rb'))
                                    ^^^^^^^^^^^^^^^^^^^^^^^^^^^
FileNotFoundError: [Errno 2] No such file or directory: 'likelihoods/accidentals/accidentals_200ty.pkl'

During handling of the above exception, another exception occurred:

Traceback (most recent call last):
  File "/global/cfs/cdirs/lz/users/rory_m/XLZD/FlameFitSimple/analyses/wimp_sensitivity/../sensitivity/run_routine_sensitivity.py", line 33, in <module>
Traceback (most recent call last):
  File "/global/cfs/cdirs/lz/users/rory_m/XLZD/FlameFitSimple/analyses/wimp_sensitivity/../sensitivity/run_routine_sensitivity.py", line 31, in <module>
    likelihood_container = pkl.load(open(args.likelihood, 'rb'))
                                    ^^^^^^^^^^^^^^^^^^^^^^^^^^^
FileNotFoundError: [Errno 2] No such file or directory: 'likelihoods/accidentals/accidentals_200ty.pkl'

During handling of the above exception, another exception occurred:

Traceback (most recent call last):
  File "/global/cfs/cdirs/lz/users/rory_m/XLZD/FlameFitSimple/analyses/wimp_sensitivity/../sensitivity/run_routine_sensitivity.py", line 33, in <module>
Traceback (most recent call last):
  File "/global/cfs/cdirs/lz/users/rory_m/XLZD/FlameFitSimple/analyses/wimp_sensitivity/../sensitivity/run_routine_sensitivity.py", line 31, in <module>
Traceback (most recent call last):
  File "/global/cfs/cdirs/lz/users/rory_m/XLZD/FlameFitSimple/analyses/wimp_sensitivity/../sensitivity/run_routine_sensitivity.py", line 31, in <module>
Traceback (most recent call last):
  File "/global/cfs/cdirs/lz/users/rory_m/XLZD/FlameFitSimple/analyses/wimp_sensitivity/../sensitivity/run_routine_sensitivity.py", line 31, in <module>
    likelihood_container = pkl.load(open(args.likelihood, 'rb'))
                                    ^^^^^^^^^^^^^^^^^^^^^^^^^^^
FileNotFoundError: [Errno 2] No such file or directory: 'likelihoods/accidentals/accidentals_200ty.pkl'

During handling of the above exception, another exception occurred:

Traceback (most recent call last):
  File "/global/cfs/cdirs/lz/users/rory_m/XLZD/FlameFitSimple/analyses/wimp_sensitivity/../sensitivity/run_routine_sensitivity.py", line 33, in <module>
    likelihood_container = pkl.load(open(args.likelihood, 'rb'))
                                    ^^^^^^^^^^^^^^^^^^^^^^^^^^^
FileNotFoundError: [Errno 2] No such file or directory: 'likelihoods/accidentals/accidentals_200ty.pkl'

During handling of the above exception, another exception occurred:

Traceback (most recent call last):
  File "/global/cfs/cdirs/lz/users/rory_m/XLZD/FlameFitSimple/analyses/wimp_sensitivity/../sensitivity/run_routine_sensitivity.py", line 33, in <module>
    raise RuntimeError("Error opening likelihood container file")
RuntimeError: Error opening likelihood container file
    likelihood_container = pkl.load(open(args.likelihood, 'rb'))
Traceback (most recent call last):
  File "/global/cfs/cdirs/lz/users/rory_m/XLZD/FlameFitSimple/analyses/wimp_sensitivity/../sensitivity/run_routine_sensitivity.py", line 31, in <module>
    likelihood_container = pkl.load(open(args.likelihood, 'rb'))
                                    ^^^^^^^^^^^^^^^^^^^^^^^^^^^
FileNotFoundError: [Errno 2] No such file or directory: 'likelihoods/accidentals/accidentals_200ty.pkl'

During handling of the above exception, another exception occurred:

Traceback (most recent call last):
  File "/global/cfs/cdirs/lz/users/rory_m/XLZD/FlameFitSimple/analyses/wimp_sensitivity/../sensitivity/run_routine_sensitivity.py", line 33, in <module>
    likelihood_container = pkl.load(open(args.likelihood, 'rb'))
                                    ^^^^^^^^^^^^^^^^^^^^^^^^^^^
FileNotFoundError: [Errno 2] No such file or directory: 'likelihoods/accidentals/accidentals_200ty.pkl'

During handling of the above exception, another exception occurred:

Traceback (most recent call last):
  File "/global/cfs/cdirs/lz/users/rory_m/XLZD/FlameFitSimple/analyses/wimp_sensitivity/../sensitivity/run_routine_sensitivity.py", line 33, in <module>
                                    ^^^^^^^^^^^^^^^^^^^^^^^^^^^
FileNotFoundError: [Errno 2] No such file or directory: 'likelihoods/accidentals/accidentals_200ty.pkl'

During handling of the above exception, another exception occurred:

Traceback (most recent call last):
  File "/global/cfs/cdirs/lz/users/rory_m/XLZD/FlameFitSimple/analyses/wimp_sensitivity/../sensitivity/run_routine_sensitivity.py", line 33, in <module>
    likelihood_container = pkl.load(open(args.likelihood, 'rb'))
                                    ^^^^^^^^^^^^^^^^^^^^^^^^^^^
FileNotFoundError: [Errno 2] No such file or directory: 'likelihoods/accidentals/accidentals_200ty.pkl'

During handling of the above exception, another exception occurred:

Traceback (most recent call last):
  File "/global/cfs/cdirs/lz/users/rory_m/XLZD/FlameFitSimple/analyses/wimp_sensitivity/../sensitivity/run_routine_sensitivity.py", line 33, in <module>
    raise RuntimeError("Error opening likelihood container file")
RuntimeError: Error opening likelihood container file
Traceback (most recent call last):
  File "/global/cfs/cdirs/lz/users/rory_m/XLZD/FlameFitSimple/analyses/wimp_sensitivity/../sensitivity/run_routine_sensitivity.py", line 31, in <module>
Traceback (most recent call last):
  File "/global/cfs/cdirs/lz/users/rory_m/XLZD/FlameFitSimple/analyses/wimp_sensitivity/../sensitivity/run_routine_sensitivity.py", line 31, in <module>
    raise RuntimeError("Error opening likelihood container file")
RuntimeError: Error opening likelihood container file
    raise RuntimeError("Error opening likelihood container file")
RuntimeError: Error opening likelihood container file
Traceback (most recent call last):
  File "/global/cfs/cdirs/lz/users/rory_m/XLZD/FlameFitSimple/analyses/wimp_sensitivity/../sensitivity/run_routine_sensitivity.py", line 31, in <module>
    likelihood_container = pkl.load(open(args.likelihood, 'rb'))
                                    ^^^^^^^^^^^^^^^^^^^^^^^^^^^
FileNotFoundError: [Errno 2] No such file or directory: 'likelihoods/accidentals/accidentals_200ty.pkl'

During handling of the above exception, another exception occurred:

Traceback (most recent call last):
  File "/global/cfs/cdirs/lz/users/rory_m/XLZD/FlameFitSimple/analyses/wimp_sensitivity/../sensitivity/run_routine_sensitivity.py", line 33, in <module>
    raise RuntimeError("Error opening likelihood container file")
RuntimeError: Error opening likelihood container file
    likelihood_container = pkl.load(open(args.likelihood, 'rb'))
                                    ^^^^^^^^^^^^^^^^^^^^^^^^^^^
FileNotFoundError: [Errno 2] No such file or directory: 'likelihoods/accidentals/accidentals_200ty.pkl'

During handling of the above exception, another exception occurred:

Traceback (most recent call last):
  File "/global/cfs/cdirs/lz/users/rory_m/XLZD/FlameFitSimple/analyses/wimp_sensitivity/../sensitivity/run_routine_sensitivity.py", line 33, in <module>
    likelihood_container = pkl.load(open(args.likelihood, 'rb'))
    likelihood_container = pkl.load(open(args.likelihood, 'rb'))
                                    ^^^^^^^^^^^^^^^^^^^^^^^^^^^
FileNotFoundError: [Errno 2] No such file or directory: 'likelihoods/accidentals/accidentals_200ty.pkl'

During handling of the above exception, another exception occurred:

Traceback (most recent call last):
  File "/global/cfs/cdirs/lz/users/rory_m/XLZD/FlameFitSimple/analyses/wimp_sensitivity/../sensitivity/run_routine_sensitivity.py", line 33, in <module>
    raise RuntimeError("Error opening likelihood container file")
RuntimeError: Error opening likelihood container file
                                    ^^^^^^^^^^^^^^^^^^^^^^^^^^^
FileNotFoundError: [Errno 2] No such file or directory: 'likelihoods/accidentals/accidentals_200ty.pkl'

During handling of the above exception, another exception occurred:

Traceback (most recent call last):
  File "/global/cfs/cdirs/lz/users/rory_m/XLZD/FlameFitSimple/analyses/wimp_sensitivity/../sensitivity/run_routine_sensitivity.py", line 33, in <module>
    likelihood_container = pkl.load(open(args.likelihood, 'rb'))
                                    ^^^^^^^^^^^^^^^^^^^^^^^^^^^
FileNotFoundError: [Errno 2] No such file or directory: 'likelihoods/accidentals/accidentals_200ty.pkl'

During handling of the above exception, another exception occurred:

Traceback (most recent call last):
  File "/global/cfs/cdirs/lz/users/rory_m/XLZD/FlameFitSimple/analyses/wimp_sensitivity/../sensitivity/run_routine_sensitivity.py", line 33, in <module>
    raise RuntimeError("Error opening likelihood container file")
RuntimeError: Error opening likelihood container file
    raise RuntimeError("Error opening likelihood container file")
RuntimeError: Error opening likelihood container file
    raise RuntimeError("Error opening likelihood container file")
RuntimeError: Error opening likelihood container file
    likelihood_container = pkl.load(open(args.likelihood, 'rb'))
                                    ^^^^^^^^^^^^^^^^^^^^^^^^^^^
FileNotFoundError: [Errno 2] No such file or directory: 'likelihoods/accidentals/accidentals_200ty.pkl'

During handling of the above exception, another exception occurred:

Traceback (most recent call last):
  File "/global/cfs/cdirs/lz/users/rory_m/XLZD/FlameFitSimple/analyses/wimp_sensitivity/../sensitivity/run_routine_sensitivity.py", line 33, in <module>
    raise RuntimeError("Error opening likelihood container file")
RuntimeError: Error opening likelihood container file
    raise RuntimeError("Error opening likelihood container file")
RuntimeError: Error opening likelihood container file
Traceback (most recent call last):
  File "/global/cfs/cdirs/lz/users/rory_m/XLZD/FlameFitSimple/analyses/wimp_sensitivity/../sensitivity/run_routine_sensitivity.py", line 31, in <module>
    likelihood_container = pkl.load(open(args.likelihood, 'rb'))
                                    ^^^^^^^^^^^^^^^^^^^^^^^^^^^
FileNotFoundError: [Errno 2] No such file or directory: 'likelihoods/accidentals/accidentals_200ty.pkl'

During handling of the above exception, another exception occurred:

Traceback (most recent call last):
  File "/global/cfs/cdirs/lz/users/rory_m/XLZD/FlameFitSimple/analyses/wimp_sensitivity/../sensitivity/run_routine_sensitivity.py", line 33, in <module>
    raise RuntimeError("Error opening likelihood container file")
RuntimeError: Error opening likelihood container file
    raise RuntimeError("Error opening likelihood container file")
RuntimeError: Error opening likelihood container file
    likelihood_container = pkl.load(open(args.likelihood, 'rb'))
                                    ^^^^^^^^^^^^^^^^^^^^^^^^^^^
FileNotFoundError: [Errno 2] No such file or directory: 'likelihoods/accidentals/accidentals_200ty.pkl'

During handling of the above exception, another exception occurred:

Traceback (most recent call last):
  File "/global/cfs/cdirs/lz/users/rory_m/XLZD/FlameFitSimple/analyses/wimp_sensitivity/../sensitivity/run_routine_sensitivity.py", line 33, in <module>
    raise RuntimeError("Error opening likelihood container file")
RuntimeError: Error opening likelihood container file
    raise RuntimeError("Error opening likelihood container file")
RuntimeError: Error opening likelihood container file
    raise RuntimeError("Error opening likelihood container file")
RuntimeError: Error opening likelihood container file
    likelihood_container = pkl.load(open(args.likelihood, 'rb'))
                                    ^^^^^^^^^^^^^^^^^^^^^^^^^^^
FileNotFoundError: [Errno 2] No such file or directory: 'likelihoods/accidentals/accidentals_200ty.pkl'

During handling of the above exception, another exception occurred:

Traceback (most recent call last):
  File "/global/cfs/cdirs/lz/users/rory_m/XLZD/FlameFitSimple/analyses/wimp_sensitivity/../sensitivity/run_routine_sensitivity.py", line 33, in <module>
    raise RuntimeError("Error opening likelihood container file")
RuntimeError: Error opening likelihood container file
    raise RuntimeError("Error opening likelihood container file")
RuntimeError: Error opening likelihood container file
    raise RuntimeError("Error opening likelihood container file")
RuntimeError: Error opening likelihood container file
    raise RuntimeError("Error opening likelihood container file")
RuntimeError: Error opening likelihood container file
Traceback (most recent call last):
  File "/global/cfs/cdirs/lz/users/rory_m/XLZD/FlameFitSimple/analyses/wimp_sensitivity/../sensitivity/run_routine_sensitivity.py", line 31, in <module>
Traceback (most recent call last):
  File "/global/cfs/cdirs/lz/users/rory_m/XLZD/FlameFitSimple/analyses/wimp_sensitivity/../sensitivity/run_routine_sensitivity.py", line 31, in <module>
    likelihood_container = pkl.load(open(args.likelihood, 'rb'))
                                    ^^^^^^^^^^^^^^^^^^^^^^^^^^^
FileNotFoundError: [Errno 2] No such file or directory: 'likelihoods/accidentals/accidentals_200ty.pkl'

During handling of the above exception, another exception occurred:

Traceback (most recent call last):
  File "/global/cfs/cdirs/lz/users/rory_m/XLZD/FlameFitSimple/analyses/wimp_sensitivity/../sensitivity/run_routine_sensitivity.py", line 33, in <module>
Traceback (most recent call last):
  File "/global/cfs/cdirs/lz/users/rory_m/XLZD/FlameFitSimple/analyses/wimp_sensitivity/../sensitivity/run_routine_sensitivity.py", line 31, in <module>
    raise RuntimeError("Error opening likelihood container file")
RuntimeError: Error opening likelihood container file
    likelihood_container = pkl.load(open(args.likelihood, 'rb'))
                                    ^^^^^^^^^^^^^^^^^^^^^^^^^^^
FileNotFoundError: [Errno 2] No such file or directory: 'likelihoods/accidentals/accidentals_200ty.pkl'

During handling of the above exception, another exception occurred:

Traceback (most recent call last):
  File "/global/cfs/cdirs/lz/users/rory_m/XLZD/FlameFitSimple/analyses/wimp_sensitivity/../sensitivity/run_routine_sensitivity.py", line 33, in <module>
    likelihood_container = pkl.load(open(args.likelihood, 'rb'))
                                    ^^^^^^^^^^^^^^^^^^^^^^^^^^^
FileNotFoundError: [Errno 2] No such file or directory: 'likelihoods/accidentals/accidentals_200ty.pkl'

During handling of the above exception, another exception occurred:

Traceback (most recent call last):
  File "/global/cfs/cdirs/lz/users/rory_m/XLZD/FlameFitSimple/analyses/wimp_sensitivity/../sensitivity/run_routine_sensitivity.py", line 33, in <module>
    raise RuntimeError("Error opening likelihood container file")
RuntimeError: Error opening likelihood container file
    raise RuntimeError("Error opening likelihood container file")
RuntimeError: Error opening likelihood container file
Traceback (most recent call last):
  File "/global/cfs/cdirs/lz/users/rory_m/XLZD/FlameFitSimple/analyses/wimp_sensitivity/../sensitivity/run_routine_sensitivity.py", line 31, in <module>
    likelihood_container = pkl.load(open(args.likelihood, 'rb'))
                                    ^^^^^^^^^^^^^^^^^^^^^^^^^^^
FileNotFoundError: [Errno 2] No such file or directory: 'likelihoods/accidentals/accidentals_200ty.pkl'

During handling of the above exception, another exception occurred:

Traceback (most recent call last):
  File "/global/cfs/cdirs/lz/users/rory_m/XLZD/FlameFitSimple/analyses/wimp_sensitivity/../sensitivity/run_routine_sensitivity.py", line 33, in <module>
    raise RuntimeError("Error opening likelihood container file")
RuntimeError: Error opening likelihood container file
Traceback (most recent call last):
  File "/global/cfs/cdirs/lz/users/rory_m/XLZD/FlameFitSimple/analyses/wimp_sensitivity/../sensitivity/run_routine_sensitivity.py", line 31, in <module>
    likelihood_container = pkl.load(open(args.likelihood, 'rb'))
                                    ^^^^^^^^^^^^^^^^^^^^^^^^^^^
FileNotFoundError: [Errno 2] No such file or directory: 'likelihoods/accidentals/accidentals_200ty.pkl'

During handling of the above exception, another exception occurred:

Traceback (most recent call last):
  File "/global/cfs/cdirs/lz/users/rory_m/XLZD/FlameFitSimple/analyses/wimp_sensitivity/../sensitivity/run_routine_sensitivity.py", line 33, in <module>
    raise RuntimeError("Error opening likelihood container file")
RuntimeError: Error opening likelihood container file
Traceback (most recent call last):
  File "/global/cfs/cdirs/lz/users/rory_m/XLZD/FlameFitSimple/analyses/wimp_sensitivity/../sensitivity/run_routine_sensitivity.py", line 31, in <module>
    likelihood_container = pkl.load(open(args.likelihood, 'rb'))
                                    ^^^^^^^^^^^^^^^^^^^^^^^^^^^
FileNotFoundError: [Errno 2] No such file or directory: 'likelihoods/accidentals/accidentals_200ty.pkl'

During handling of the above exception, another exception occurred:

Traceback (most recent call last):
  File "/global/cfs/cdirs/lz/users/rory_m/XLZD/FlameFitSimple/analyses/wimp_sensitivity/../sensitivity/run_routine_sensitivity.py", line 33, in <module>
    raise RuntimeError("Error opening likelihood container file")
RuntimeError: Error opening likelihood container file
Traceback (most recent call last):
  File "/global/cfs/cdirs/lz/users/rory_m/XLZD/FlameFitSimple/analyses/wimp_sensitivity/../sensitivity/run_routine_sensitivity.py", line 31, in <module>
    likelihood_container = pkl.load(open(args.likelihood, 'rb'))
                                    ^^^^^^^^^^^^^^^^^^^^^^^^^^^
FileNotFoundError: [Errno 2] No such file or directory: 'likelihoods/accidentals/accidentals_200ty.pkl'

During handling of the above exception, another exception occurred:

Traceback (most recent call last):
  File "/global/cfs/cdirs/lz/users/rory_m/XLZD/FlameFitSimple/analyses/wimp_sensitivity/../sensitivity/run_routine_sensitivity.py", line 33, in <module>
    raise RuntimeError("Error opening likelihood container file")
RuntimeError: Error opening likelihood container file
Traceback (most recent call last):
  File "/global/cfs/cdirs/lz/users/rory_m/XLZD/FlameFitSimple/analyses/wimp_sensitivity/../sensitivity/run_routine_sensitivity.py", line 31, in <module>
    likelihood_container = pkl.load(open(args.likelihood, 'rb'))
                                    ^^^^^^^^^^^^^^^^^^^^^^^^^^^
FileNotFoundError: [Errno 2] No such file or directory: 'likelihoods/accidentals/accidentals_200ty.pkl'

During handling of the above exception, another exception occurred:

Traceback (most recent call last):
  File "/global/cfs/cdirs/lz/users/rory_m/XLZD/FlameFitSimple/analyses/wimp_sensitivity/../sensitivity/run_routine_sensitivity.py", line 33, in <module>
    raise RuntimeError("Error opening likelihood container file")
RuntimeError: Error opening likelihood container file
Traceback (most recent call last):
  File "/global/cfs/cdirs/lz/users/rory_m/XLZD/FlameFitSimple/analyses/wimp_sensitivity/../sensitivity/run_routine_sensitivity.py", line 31, in <module>
Traceback (most recent call last):
  File "/global/cfs/cdirs/lz/users/rory_m/XLZD/FlameFitSimple/analyses/wimp_sensitivity/../sensitivity/run_routine_sensitivity.py", line 31, in <module>
    likelihood_container = pkl.load(open(args.likelihood, 'rb'))
                                    ^^^^^^^^^^^^^^^^^^^^^^^^^^^
FileNotFoundError: [Errno 2] No such file or directory: 'likelihoods/accidentals/accidentals_200ty.pkl'

During handling of the above exception, another exception occurred:

Traceback (most recent call last):
  File "/global/cfs/cdirs/lz/users/rory_m/XLZD/FlameFitSimple/analyses/wimp_sensitivity/../sensitivity/run_routine_sensitivity.py", line 33, in <module>
    likelihood_container = pkl.load(open(args.likelihood, 'rb'))
                                    ^^^^^^^^^^^^^^^^^^^^^^^^^^^
FileNotFoundError: [Errno 2] No such file or directory: 'likelihoods/accidentals/accidentals_200ty.pkl'

During handling of the above exception, another exception occurred:

Traceback (most recent call last):
  File "/global/cfs/cdirs/lz/users/rory_m/XLZD/FlameFitSimple/analyses/wimp_sensitivity/../sensitivity/run_routine_sensitivity.py", line 33, in <module>
    raise RuntimeError("Error opening likelihood container file")
RuntimeError: Error opening likelihood container file
    raise RuntimeError("Error opening likelihood container file")
RuntimeError: Error opening likelihood container file
Traceback (most recent call last):
  File "/global/cfs/cdirs/lz/users/rory_m/XLZD/FlameFitSimple/analyses/wimp_sensitivity/../sensitivity/run_routine_sensitivity.py", line 31, in <module>
    likelihood_container = pkl.load(open(args.likelihood, 'rb'))
                                    ^^^^^^^^^^^^^^^^^^^^^^^^^^^
FileNotFoundError: [Errno 2] No such file or directory: 'likelihoods/accidentals/accidentals_200ty.pkl'

During handling of the above exception, another exception occurred:

Traceback (most recent call last):
  File "/global/cfs/cdirs/lz/users/rory_m/XLZD/FlameFitSimple/analyses/wimp_sensitivity/../sensitivity/run_routine_sensitivity.py", line 33, in <module>
Traceback (most recent call last):
  File "/global/cfs/cdirs/lz/users/rory_m/XLZD/FlameFitSimple/analyses/wimp_sensitivity/../sensitivity/run_routine_sensitivity.py", line 31, in <module>
    raise RuntimeError("Error opening likelihood container file")
RuntimeError: Error opening likelihood container file
    likelihood_container = pkl.load(open(args.likelihood, 'rb'))
                                    ^^^^^^^^^^^^^^^^^^^^^^^^^^^
FileNotFoundError: [Errno 2] No such file or directory: 'likelihoods/accidentals/accidentals_200ty.pkl'

During handling of the above exception, another exception occurred:

Traceback (most recent call last):
  File "/global/cfs/cdirs/lz/users/rory_m/XLZD/FlameFitSimple/analyses/wimp_sensitivity/../sensitivity/run_routine_sensitivity.py", line 33, in <module>
    raise RuntimeError("Error opening likelihood container file")
RuntimeError: Error opening likelihood container file
Traceback (most recent call last):
  File "/global/cfs/cdirs/lz/users/rory_m/XLZD/FlameFitSimple/analyses/wimp_sensitivity/../sensitivity/run_routine_sensitivity.py", line 31, in <module>
    likelihood_container = pkl.load(open(args.likelihood, 'rb'))
                                    ^^^^^^^^^^^^^^^^^^^^^^^^^^^
FileNotFoundError: [Errno 2] No such file or directory: 'likelihoods/accidentals/accidentals_200ty.pkl'

During handling of the above exception, another exception occurred:

Traceback (most recent call last):
  File "/global/cfs/cdirs/lz/users/rory_m/XLZD/FlameFitSimple/analyses/wimp_sensitivity/../sensitivity/run_routine_sensitivity.py", line 33, in <module>
    raise RuntimeError("Error opening likelihood container file")
RuntimeError: Error opening likelihood container file
Traceback (most recent call last):
  File "/global/cfs/cdirs/lz/users/rory_m/XLZD/FlameFitSimple/analyses/wimp_sensitivity/../sensitivity/run_routine_sensitivity.py", line 31, in <module>
Traceback (most recent call last):
  File "/global/cfs/cdirs/lz/users/rory_m/XLZD/FlameFitSimple/analyses/wimp_sensitivity/../sensitivity/run_routine_sensitivity.py", line 31, in <module>
Traceback (most recent call last):
  File "/global/cfs/cdirs/lz/users/rory_m/XLZD/FlameFitSimple/analyses/wimp_sensitivity/../sensitivity/run_routine_sensitivity.py", line 31, in <module>
    likelihood_container = pkl.load(open(args.likelihood, 'rb'))
                                    ^^^^^^^^^^^^^^^^^^^^^^^^^^^
FileNotFoundError: [Errno 2] No such file or directory: 'likelihoods/accidentals/accidentals_200ty.pkl'

During handling of the above exception, another exception occurred:

Traceback (most recent call last):
  File "/global/cfs/cdirs/lz/users/rory_m/XLZD/FlameFitSimple/analyses/wimp_sensitivity/../sensitivity/run_routine_sensitivity.py", line 33, in <module>
    likelihood_container = pkl.load(open(args.likelihood, 'rb'))
                                    ^^^^^^^^^^^^^^^^^^^^^^^^^^^
FileNotFoundError: [Errno 2] No such file or directory: 'likelihoods/accidentals/accidentals_200ty.pkl'

During handling of the above exception, another exception occurred:

Traceback (most recent call last):
  File "/global/cfs/cdirs/lz/users/rory_m/XLZD/FlameFitSimple/analyses/wimp_sensitivity/../sensitivity/run_routine_sensitivity.py", line 33, in <module>
    likelihood_container = pkl.load(open(args.likelihood, 'rb'))
                                    ^^^^^^^^^^^^^^^^^^^^^^^^^^^
FileNotFoundError: [Errno 2] No such file or directory: 'likelihoods/accidentals/accidentals_200ty.pkl'

During handling of the above exception, another exception occurred:

Traceback (most recent call last):
  File "/global/cfs/cdirs/lz/users/rory_m/XLZD/FlameFitSimple/analyses/wimp_sensitivity/../sensitivity/run_routine_sensitivity.py", line 33, in <module>
    raise RuntimeError("Error opening likelihood container file")
RuntimeError: Error opening likelihood container file
    raise RuntimeError("Error opening likelihood container file")
RuntimeError: Error opening likelihood container file
    raise RuntimeError("Error opening likelihood container file")
RuntimeError: Error opening likelihood container file
Traceback (most recent call last):
  File "/global/cfs/cdirs/lz/users/rory_m/XLZD/FlameFitSimple/analyses/wimp_sensitivity/../sensitivity/run_routine_sensitivity.py", line 31, in <module>
Traceback (most recent call last):
  File "/global/cfs/cdirs/lz/users/rory_m/XLZD/FlameFitSimple/analyses/wimp_sensitivity/../sensitivity/run_routine_sensitivity.py", line 31, in <module>
    likelihood_container = pkl.load(open(args.likelihood, 'rb'))
                                    ^^^^^^^^^^^^^^^^^^^^^^^^^^^
FileNotFoundError: [Errno 2] No such file or directory: 'likelihoods/accidentals/accidentals_200ty.pkl'

During handling of the above exception, another exception occurred:

Traceback (most recent call last):
  File "/global/cfs/cdirs/lz/users/rory_m/XLZD/FlameFitSimple/analyses/wimp_sensitivity/../sensitivity/run_routine_sensitivity.py", line 33, in <module>
    likelihood_container = pkl.load(open(args.likelihood, 'rb'))
                                    ^^^^^^^^^^^^^^^^^^^^^^^^^^^
FileNotFoundError: [Errno 2] No such file or directory: 'likelihoods/accidentals/accidentals_200ty.pkl'

During handling of the above exception, another exception occurred:

Traceback (most recent call last):
  File "/global/cfs/cdirs/lz/users/rory_m/XLZD/FlameFitSimple/analyses/wimp_sensitivity/../sensitivity/run_routine_sensitivity.py", line 33, in <module>
Traceback (most recent call last):
  File "/global/cfs/cdirs/lz/users/rory_m/XLZD/FlameFitSimple/analyses/wimp_sensitivity/../sensitivity/run_routine_sensitivity.py", line 31, in <module>
    raise RuntimeError("Error opening likelihood container file")
RuntimeError: Error opening likelihood container file
    raise RuntimeError("Error opening likelihood container file")
RuntimeError: Error opening likelihood container file
    likelihood_container = pkl.load(open(args.likelihood, 'rb'))
                                    ^^^^^^^^^^^^^^^^^^^^^^^^^^^
FileNotFoundError: [Errno 2] No such file or directory: 'likelihoods/accidentals/accidentals_200ty.pkl'

During handling of the above exception, another exception occurred:

Traceback (most recent call last):
  File "/global/cfs/cdirs/lz/users/rory_m/XLZD/FlameFitSimple/analyses/wimp_sensitivity/../sensitivity/run_routine_sensitivity.py", line 33, in <module>
    raise RuntimeError("Error opening likelihood container file")
RuntimeError: Error opening likelihood container file
Traceback (most recent call last):
  File "/global/cfs/cdirs/lz/users/rory_m/XLZD/FlameFitSimple/analyses/wimp_sensitivity/../sensitivity/run_routine_sensitivity.py", line 31, in <module>
    likelihood_container = pkl.load(open(args.likelihood, 'rb'))
                                    ^^^^^^^^^^^^^^^^^^^^^^^^^^^
FileNotFoundError: [Errno 2] No such file or directory: 'likelihoods/accidentals/accidentals_200ty.pkl'

During handling of the above exception, another exception occurred:

Traceback (most recent call last):
  File "/global/cfs/cdirs/lz/users/rory_m/XLZD/FlameFitSimple/analyses/wimp_sensitivity/../sensitivity/run_routine_sensitivity.py", line 33, in <module>
    raise RuntimeError("Error opening likelihood container file")
RuntimeError: Error opening likelihood container file
Traceback (most recent call last):
  File "/global/cfs/cdirs/lz/users/rory_m/XLZD/FlameFitSimple/analyses/wimp_sensitivity/../sensitivity/run_routine_sensitivity.py", line 31, in <module>
    likelihood_container = pkl.load(open(args.likelihood, 'rb'))
                                    ^^^^^^^^^^^^^^^^^^^^^^^^^^^
FileNotFoundError: [Errno 2] No such file or directory: 'likelihoods/accidentals/accidentals_200ty.pkl'

During handling of the above exception, another exception occurred:

Traceback (most recent call last):
  File "/global/cfs/cdirs/lz/users/rory_m/XLZD/FlameFitSimple/analyses/wimp_sensitivity/../sensitivity/run_routine_sensitivity.py", line 33, in <module>
    raise RuntimeError("Error opening likelihood container file")
RuntimeError: Error opening likelihood container file
Traceback (most recent call last):
  File "/global/cfs/cdirs/lz/users/rory_m/XLZD/FlameFitSimple/analyses/wimp_sensitivity/../sensitivity/run_routine_sensitivity.py", line 31, in <module>
Traceback (most recent call last):
  File "/global/cfs/cdirs/lz/users/rory_m/XLZD/FlameFitSimple/analyses/wimp_sensitivity/../sensitivity/run_routine_sensitivity.py", line 31, in <module>
    likelihood_container = pkl.load(open(args.likelihood, 'rb'))
                                    ^^^^^^^^^^^^^^^^^^^^^^^^^^^
FileNotFoundError: [Errno 2] No such file or directory: 'likelihoods/accidentals/accidentals_200ty.pkl'

During handling of the above exception, another exception occurred:

Traceback (most recent call last):
  File "/global/cfs/cdirs/lz/users/rory_m/XLZD/FlameFitSimple/analyses/wimp_sensitivity/../sensitivity/run_routine_sensitivity.py", line 33, in <module>
    likelihood_container = pkl.load(open(args.likelihood, 'rb'))
                                    ^^^^^^^^^^^^^^^^^^^^^^^^^^^
FileNotFoundError: [Errno 2] No such file or directory: 'likelihoods/accidentals/accidentals_200ty.pkl'

During handling of the above exception, another exception occurred:

Traceback (most recent call last):
  File "/global/cfs/cdirs/lz/users/rory_m/XLZD/FlameFitSimple/analyses/wimp_sensitivity/../sensitivity/run_routine_sensitivity.py", line 33, in <module>
    raise RuntimeError("Error opening likelihood container file")
RuntimeError: Error opening likelihood container file
    raise RuntimeError("Error opening likelihood container file")
RuntimeError: Error opening likelihood container file
Traceback (most recent call last):
  File "/global/cfs/cdirs/lz/users/rory_m/XLZD/FlameFitSimple/analyses/wimp_sensitivity/../sensitivity/run_routine_sensitivity.py", line 31, in <module>
Traceback (most recent call last):
  File "/global/cfs/cdirs/lz/users/rory_m/XLZD/FlameFitSimple/analyses/wimp_sensitivity/../sensitivity/run_routine_sensitivity.py", line 31, in <module>
    likelihood_container = pkl.load(open(args.likelihood, 'rb'))
                                    ^^^^^^^^^^^^^^^^^^^^^^^^^^^
FileNotFoundError: [Errno 2] No such file or directory: 'likelihoods/accidentals/accidentals_200ty.pkl'

During handling of the above exception, another exception occurred:

Traceback (most recent call last):
  File "/global/cfs/cdirs/lz/users/rory_m/XLZD/FlameFitSimple/analyses/wimp_sensitivity/../sensitivity/run_routine_sensitivity.py", line 33, in <module>
    likelihood_container = pkl.load(open(args.likelihood, 'rb'))
                                    ^^^^^^^^^^^^^^^^^^^^^^^^^^^
FileNotFoundError: [Errno 2] No such file or directory: 'likelihoods/accidentals/accidentals_200ty.pkl'

During handling of the above exception, another exception occurred:

Traceback (most recent call last):
  File "/global/cfs/cdirs/lz/users/rory_m/XLZD/FlameFitSimple/analyses/wimp_sensitivity/../sensitivity/run_routine_sensitivity.py", line 33, in <module>
    raise RuntimeError("Error opening likelihood container file")
RuntimeError: Error opening likelihood container file
    raise RuntimeError("Error opening likelihood container file")
RuntimeError: Error opening likelihood container file
Traceback (most recent call last):
  File "/global/cfs/cdirs/lz/users/rory_m/XLZD/FlameFitSimple/analyses/wimp_sensitivity/../sensitivity/run_routine_sensitivity.py", line 31, in <module>
    likelihood_container = pkl.load(open(args.likelihood, 'rb'))
                                    ^^^^^^^^^^^^^^^^^^^^^^^^^^^
FileNotFoundError: [Errno 2] No such file or directory: 'likelihoods/accidentals/accidentals_200ty.pkl'

During handling of the above exception, another exception occurred:

Traceback (most recent call last):
  File "/global/cfs/cdirs/lz/users/rory_m/XLZD/FlameFitSimple/analyses/wimp_sensitivity/../sensitivity/run_routine_sensitivity.py", line 33, in <module>
    raise RuntimeError("Error opening likelihood container file")
RuntimeError: Error opening likelihood container file
srun: error: nid006197: task 88: Exited with exit code 1
srun: Terminating StepId=54346072.0
[2026-06-12T16:05:16.158] error: *** STEP 54346072.0 ON nid006197 CANCELLED AT 2026-06-12T16:05:16 DUE TO TASK FAILURE ***
srun: error: nid006197: tasks 0-87,89-99: Exited with exit code 1
